Group,Impulse,Response,Step,Value
HIC,goal1,goal1,0,0.3055056248640482
HIC,goal1,goal1,1,-0.0322010558673772
HIC,goal1,goal1,2,-0.00022540382490284693
HIC,goal1,goal1,3,-0.0008138440451826634
HIC,goal1,goal1,4,-6.343230960633773e-05
HIC,goal1,goal1,5,-4.09386900681862e-05
HIC,goal1,goal1,6,-4.465625584283653e-06
HIC,goal1,goal1,7,-2.1803732327766557e-06
HIC,goal1,goal1,8,-2.7577118874150917e-07
HIC,goal1,goal1,9,-1.1779448810581261e-07
HIC,goal1,goal1,10,-1.6731634490683364e-08
HIC,goal3,goal1,0,0.0
HIC,goal3,goal1,1,0.026241431551595615
HIC,goal3,goal1,2,0.00416684352396688
HIC,goal3,goal1,3,0.0007421486500317364
HIC,goal3,goal1,4,0.0002867517458020249
HIC,goal3,goal1,5,4.7421601381054756e-05
HIC,goal3,goal1,6,1.551797604280243e-05
HIC,goal3,goal1,7,2.6721674100368724e-06
HIC,goal3,goal1,8,8.634043770049307e-07
HIC,goal3,goal1,9,1.562679608456531e-07
HIC,goal3,goal1,10,4.7772917011734064e-08
HIC,goal4,goal1,0,0.0
HIC,goal4,goal1,1,0.006714278261287623
HIC,goal4,goal1,2,-0.001532778802444838
HIC,goal4,goal1,3,0.0008501066874716393
HIC,goal4,goal1,4,-7.927359308127461e-06
HIC,goal4,goal1,5,3.641037505778802e-05
HIC,goal4,goal1,6,-8.793051621815998e-07
HIC,goal4,goal1,7,2.0590474127338195e-06
HIC,goal4,goal1,8,-6.099284341067062e-09
HIC,goal4,goal1,9,1.0733151894118915e-07
HIC,goal4,goal1,10,1.2596026984873705e-09
HIC,goal7,goal1,0,0.0
HIC,goal7,goal1,1,0.011651664361247881
HIC,goal7,goal1,2,-0.002919149139120496
HIC,goal7,goal1,3,0.000984097578866404
HIC,goal7,goal1,4,-0.00016884019625565836
HIC,goal7,goal1,5,4.947603537042105e-05
HIC,goal7,goal1,6,-8.402438318676904e-06
HIC,goal7,goal1,7,2.55509939517866e-06
HIC,goal7,goal1,8,-4.0583870120316354e-07
HIC,goal7,goal1,9,1.2701596771720132e-07
HIC,goal7,goal1,10,-1.899670438408165e-08
HIC,goal8,goal1,0,0.0
HIC,goal8,goal1,1,0.0002781993941899426
HIC,goal8,goal1,2,-0.002172790726858703
HIC,goal8,goal1,3,-0.0006111056637399287
HIC,goal8,goal1,4,-7.813997870949389e-05
HIC,goal8,goal1,5,-2.6663735161236424e-05
HIC,goal8,goal1,6,-5.11664381673028e-06
HIC,goal8,goal1,7,-1.5425383780952602e-06
HIC,goal8,goal1,8,-2.998932847668897e-07
HIC,goal8,goal1,9,-8.246545347612162e-08
HIC,goal8,goal1,10,-1.7560769756546654e-08
HIC,goal10,goal1,0,0.0
HIC,goal10,goal1,1,-0.036313893627096465
HIC,goal10,goal1,2,0.010769950766287744
HIC,goal10,goal1,3,-0.0022784028971355817
HIC,goal10,goal1,4,0.0005339989577228732
HIC,goal10,goal1,5,-0.00011047605930682371
HIC,goal10,goal1,6,2.6240953088525812e-05
HIC,goal10,goal1,7,-5.303459536600861e-06
HIC,goal10,goal1,8,1.2659817979144402e-06
HIC,goal10,goal1,9,-2.5169806438029246e-07
HIC,goal10,goal1,10,6.089907437967005e-08
HIC,goal13,goal1,0,0.0
HIC,goal13,goal1,1,-8.595636009184644e-05
HIC,goal13,goal1,2,0.004267110431539264
HIC,goal13,goal1,3,-0.0001021360086682399
HIC,goal13,goal1,4,0.00020131583172032665
HIC,goal13,goal1,5,-2.0707062132832515e-06
HIC,goal13,goal1,6,1.062021108963082e-05
HIC,goal13,goal1,7,1.7278670052664908e-07
HIC,goal13,goal1,8,5.357329443639713e-07
HIC,goal13,goal1,9,2.1385819251890002e-08
HIC,goal13,goal1,10,2.7886542802601017e-08
HIC,goal16,goal1,0,0.0
HIC,goal16,goal1,1,-0.0019493790197607232
HIC,goal16,goal1,2,0.0045603130347717435
HIC,goal16,goal1,3,-0.0002791557017412996
HIC,goal16,goal1,4,0.00022661580796685423
HIC,goal16,goal1,5,-1.3978990003751552e-05
HIC,goal16,goal1,6,1.2528104030168163e-05
HIC,goal16,goal1,7,-5.573975514889158e-07
HIC,goal16,goal1,8,6.423708489865986e-07
HIC,goal16,goal1,9,-1.7627776953734666e-08
HIC,goal16,goal1,10,3.31300635160857e-08
HIC,goal1,goal3,0,0.025454611906570664
HIC,goal1,goal3,1,-0.05018991366650433
HIC,goal1,goal3,2,-0.007996824280162745
HIC,goal1,goal3,3,-0.0021673651410256396
HIC,goal1,goal3,4,-0.0004611311187950518
HIC,goal1,goal3,5,-0.00012268833778239553
HIC,goal1,goal3,6,-2.671782216751839e-05
HIC,goal1,goal3,7,-6.8194771790006675e-06
HIC,goal1,goal3,8,-1.5191743559596583e-06
HIC,goal1,goal3,9,-3.827447492387498e-07
HIC,goal1,goal3,10,-8.644134330701494e-08
HIC,goal3,goal3,0,0.37047515885187865
HIC,goal3,goal3,1,0.07718691963002673
HIC,goal3,goal3,2,0.014832217028097066
HIC,goal3,goal3,3,0.0038859337556621932
HIC,goal3,goal3,4,0.0009877005122772436
HIC,goal3,goal3,5,0.00022365860214723315
HIC,goal3,goal3,6,5.3956120365948236e-05
HIC,goal3,goal3,7,1.2547644368480874e-05
HIC,goal3,goal3,8,3.0694997648921044e-06
HIC,goal3,goal3,9,7.112245497892584e-07
HIC,goal3,goal3,10,1.7276900811173302e-07
HIC,goal4,goal3,0,0.0
HIC,goal4,goal3,1,-0.0033765720860877194
HIC,goal4,goal3,2,0.004946960944772227
HIC,goal4,goal3,3,0.0016731004098452225
HIC,goal4,goal3,4,0.0002787829958919754
HIC,goal4,goal3,5,6.661428379617537e-05
HIC,goal4,goal3,6,1.5131548536175718e-05
HIC,goal4,goal3,7,4.243559559284947e-06
HIC,goal4,goal3,8,8.52151115866746e-07
HIC,goal4,goal3,9,2.348285693196192e-07
HIC,goal4,goal3,10,4.804215990915896e-08
HIC,goal7,goal3,0,0.0
HIC,goal7,goal3,1,0.0043086925819160425
HIC,goal7,goal3,2,0.002210411936640942
HIC,goal7,goal3,3,0.0006209236304833257
HIC,goal7,goal3,4,5.3700003398105965e-05
HIC,goal7,goal3,5,3.4518152411606783e-05
HIC,goal7,goal3,6,3.1914665808009562e-06
HIC,goal7,goal3,7,2.0720139864046708e-06
HIC,goal7,goal3,8,1.6927933988855601e-07
HIC,goal7,goal3,9,1.1454090139310385e-07
HIC,goal7,goal3,10,1.035052841574266e-08
HIC,goal8,goal3,0,0.0
HIC,goal8,goal3,1,-0.020069719304591227
HIC,goal8,goal3,2,-0.009791847339946723
HIC,goal8,goal3,3,-0.0018920469947660385
HIC,goal8,goal3,4,-0.00036549192335542447
HIC,goal8,goal3,5,-9.873560411513373e-05
HIC,goal8,goal3,6,-2.3041135684595634e-05
HIC,goal8,goal3,7,-5.672631254140803e-06
HIC,goal8,goal3,8,-1.284060555061691e-06
HIC,goal8,goal3,9,-3.1533635495143524e-07
HIC,goal8,goal3,10,-7.342130264070805e-08
HIC,goal10,goal3,0,0.0
HIC,goal10,goal3,1,-0.0022154945016807973
HIC,goal10,goal3,2,0.00457634866672773
HIC,goal10,goal3,3,-0.00047465859152920684
HIC,goal10,goal3,4,0.00022712132765998998
HIC,goal10,goal3,5,-2.0233692757709014e-05
HIC,goal10,goal3,6,1.252785421043256e-05
HIC,goal10,goal3,7,-1.015718592831051e-06
HIC,goal10,goal3,8,6.525147745374716e-07
HIC,goal10,goal3,9,-4.376472365659962e-08
HIC,goal10,goal3,10,3.374693047870911e-08
HIC,goal13,goal3,0,0.0
HIC,goal13,goal3,1,0.03443149606207449
HIC,goal13,goal3,2,0.008580337214344572
HIC,goal13,goal3,3,0.0012831612290555366
HIC,goal13,goal3,4,0.0004203427655158483
HIC,goal13,goal3,5,7.895404268177613e-05
HIC,goal13,goal3,6,2.4124216114813377e-05
HIC,goal13,goal3,7,4.578824190073803e-06
HIC,goal13,goal3,8,1.3106596610787462e-06
HIC,goal13,goal3,9,2.662311903201644e-07
HIC,goal13,goal3,10,7.288334637350437e-08
HIC,goal16,goal3,0,0.0
HIC,goal16,goal3,1,0.03692684030999449
HIC,goal16,goal3,2,0.006758415926959951
HIC,goal16,goal3,3,0.00128210948609626
HIC,goal16,goal3,4,0.00035121795443167385
HIC,goal16,goal3,5,7.366151145828439e-05
HIC,goal16,goal3,6,2.157301090357495e-05
HIC,goal16,goal3,7,4.00564843639645e-06
HIC,goal16,goal3,8,1.2061511101483164e-06
HIC,goal16,goal3,9,2.28563070933097e-07
HIC,goal16,goal3,10,6.77283842477333e-08
HIC,goal1,goal4,0,0.00935812872898668
HIC,goal1,goal4,1,0.0029001889880363005
HIC,goal1,goal4,2,-0.0030965365478838277
HIC,goal1,goal4,3,-0.00043508157745175994
HIC,goal1,goal4,4,-7.820759538405344e-05
HIC,goal1,goal4,5,-1.7441425682858972e-05
HIC,goal1,goal4,6,-5.335955214126422e-06
HIC,goal1,goal4,7,-1.188711504096045e-06
HIC,goal1,goal4,8,-2.698884627843612e-07
HIC,goal1,goal4,9,-6.798378068240125e-08
HIC,goal1,goal4,10,-1.4974990349582826e-08
HIC,goal3,goal4,0,0.07030104679417135
HIC,goal3,goal4,1,0.06673091045496356
HIC,goal3,goal4,2,0.005651563399989019
HIC,goal3,goal4,3,-0.0003758677260277518
HIC,goal3,goal4,4,0.0001816592795722393
HIC,goal3,goal4,5,4.335216518621766e-05
HIC,goal3,goal4,6,1.1664851346418261e-05
HIC,goal3,goal4,7,1.780442969721299e-06
HIC,goal3,goal4,8,5.894796649451677e-07
HIC,goal3,goal4,9,1.1718348458526919e-07
HIC,goal3,goal4,10,3.294410145490308e-08
HIC,goal4,goal4,0,0.9784429021493606
HIC,goal4,goal4,1,-0.004493778655790382
HIC,goal4,goal4,2,-0.015059057829353718
HIC,goal4,goal4,3,0.0010246239786801058
HIC,goal4,goal4,4,8.044668078079741e-05
HIC,goal4,goal4,5,4.3433963928849645e-05
HIC,goal4,goal4,6,-5.535392020600296e-06
HIC,goal4,goal4,7,1.7713172502572665e-06
HIC,goal4,goal4,8,-1.7012243302994328e-08
HIC,goal4,goal4,9,8.13031878793183e-08
HIC,goal4,goal4,10,6.812697651000535e-10
HIC,goal7,goal4,0,0.0
HIC,goal7,goal4,1,0.0013190931063798035
HIC,goal7,goal4,2,-0.006564281145307805
HIC,goal7,goal4,3,0.001525201817430962
HIC,goal7,goal4,4,-0.00018265334137856727
HIC,goal7,goal4,5,4.4342990440334846e-05
HIC,goal7,goal4,6,-8.001139055006852e-06
HIC,goal7,goal4,7,1.991156484742408e-06
HIC,goal7,goal4,8,-2.672474567958683e-07
HIC,goal7,goal4,9,7.867964893083396e-08
HIC,goal7,goal4,10,-9.846737149428748e-09
HIC,goal8,goal4,0,0.0
HIC,goal8,goal4,1,0.05337209840781482
HIC,goal8,goal4,2,0.003681254137038775
HIC,goal8,goal4,3,-0.0015696076813850079
HIC,goal8,goal4,4,-0.00010507372831754984
HIC,goal8,goal4,5,-5.198614436124542e-06
HIC,goal8,goal4,6,-3.0346633528645182e-06
HIC,goal8,goal4,7,-1.1701835258782905e-06
HIC,goal8,goal4,8,-2.5123013956431975e-07
HIC,goal8,goal4,9,-5.1447027306792974e-08
HIC,goal8,goal4,10,-1.321581404118886e-08
HIC,goal10,goal4,0,0.0
HIC,goal10,goal4,1,-0.04584184858095843
HIC,goal10,goal4,2,0.011454748433515589
HIC,goal10,goal4,3,-0.0018145935298483783
HIC,goal10,goal4,4,0.0003930405816869296
HIC,goal10,goal4,5,-8.034134739710702e-05
HIC,goal10,goal4,6,1.713569592496866e-05
HIC,goal10,goal4,7,-3.0026988889114175e-06
HIC,goal10,goal4,8,6.743180654419e-07
HIC,goal10,goal4,9,-1.2011824579566935e-07
HIC,goal10,goal4,10,2.846688697488035e-08
HIC,goal13,goal4,0,0.0
HIC,goal13,goal4,1,-0.040689478720022744
HIC,goal13,goal4,2,0.004524894319136821
HIC,goal13,goal4,3,0.0007563098423531821
HIC,goal13,goal4,4,2.3630966420342565e-05
HIC,goal13,goal4,5,1.219036164765353e-05
HIC,goal13,goal4,6,3.6530812600938652e-06
HIC,goal13,goal4,7,1.0529972020810974e-06
HIC,goal13,goal4,8,2.1250101878609445e-07
HIC,goal13,goal4,9,4.658680703886583e-08
HIC,goal13,goal4,10,1.3273110118049792e-08
HIC,goal16,goal4,0,0.0
HIC,goal16,goal4,1,-0.0665645046230388
HIC,goal16,goal4,2,0.012344897280263271
HIC,goal16,goal4,3,-0.0007817813974147475
HIC,goal16,goal4,4,0.00028707147084442244
HIC,goal16,goal4,5,-4.1863698549927886e-05
HIC,goal16,goal4,6,1.3133774844434201e-05
HIC,goal16,goal4,7,-8.125419819205021e-07
HIC,goal16,goal4,8,5.077273438470441e-07
HIC,goal16,goal4,9,-1.6800310538506988e-08
HIC,goal16,goal4,10,2.257382489127264e-08
HIC,goal1,goal7,0,-0.02310815448022088
HIC,goal1,goal7,1,-0.01845305887784736
HIC,goal1,goal7,2,-0.005542660073821387
HIC,goal1,goal7,3,-0.0008222764539799695
HIC,goal1,goal7,4,-0.0003621693017418834
HIC,goal1,goal7,5,-4.1423835967109e-05
HIC,goal1,goal7,6,-2.0687903532015943e-05
HIC,goal1,goal7,7,-2.3428511824510533e-06
HIC,goal1,goal7,8,-1.1500485356574108e-06
HIC,goal1,goal7,9,-1.4116861170619903e-07
HIC,goal1,goal7,10,-6.235589000733682e-08
HIC,goal3,goal7,0,-0.01808143945530376
HIC,goal3,goal7,1,0.03918372282168984
HIC,goal3,goal7,2,0.009146582230393024
HIC,goal3,goal7,3,0.0024282267768212986
HIC,goal3,goal7,4,0.0004989161004459448
HIC,goal3,goal7,5,0.0001235068239219641
HIC,goal3,goal7,6,2.9171639762739735e-05
HIC,goal3,goal7,7,7.13639133274873e-06
HIC,goal3,goal7,8,1.6253257399617075e-06
HIC,goal3,goal7,9,4.050819316359033e-07
HIC,goal3,goal7,10,9.093100209773115e-08
HIC,goal4,goal7,0,-0.017419759582679196
HIC,goal4,goal7,1,-0.0016282566287272007
HIC,goal4,goal7,2,0.010905360878413628
HIC,goal4,goal7,3,-0.0006460394661791545
HIC,goal4,goal7,4,0.00028648210110213866
HIC,goal4,goal7,5,2.297679801008366e-05
HIC,goal4,goal7,6,1.0899944898907634e-05
HIC,goal4,goal7,7,2.025198732724574e-06
HIC,goal4,goal7,8,4.891415536805343e-07
HIC,goal4,goal7,9,1.23193371016944e-07
HIC,goal4,goal7,10,2.8926497850378648e-08
HIC,goal7,goal7,0,0.6048521924269017
HIC,goal7,goal7,1,-0.09283945581559179
HIC,goal7,goal7,2,0.01793440998575154
HIC,goal7,goal7,3,-0.0026092035040904105
HIC,goal7,goal7,4,0.0005027166253621088
HIC,goal7,goal7,5,-5.6873209563507446e-05
HIC,goal7,goal7,6,1.5035260296482965e-05
HIC,goal7,goal7,7,-1.3512839197873219e-06
HIC,goal7,goal7,8,5.843696142254473e-07
HIC,goal7,goal7,9,-4.1033873334863065e-08
HIC,goal7,goal7,10,2.895330023940551e-08
HIC,goal8,goal7,0,0.0
HIC,goal8,goal7,1,-0.09082808861983281
HIC,goal8,goal7,2,0.01115989150288916
HIC,goal8,goal7,3,-0.0035865663804167678
HIC,goal8,goal7,4,0.00028525779075785874
HIC,goal8,goal7,5,-0.00014936970245778814
HIC,goal8,goal7,6,3.5773123396340846e-06
HIC,goal8,goal7,7,-5.778306188663412e-06
HIC,goal8,goal7,8,-2.481784726293472e-07
HIC,goal8,goal7,9,-2.513313413315965e-07
HIC,goal8,goal7,10,-2.7457621824110722e-08
HIC,goal10,goal7,0,0.0
HIC,goal10,goal7,1,0.03002146231603129
HIC,goal10,goal7,2,-0.006839916858739697
HIC,goal10,goal7,3,0.0016069149374001606
HIC,goal10,goal7,4,-0.00023495571081092034
HIC,goal10,goal7,5,6.622796861130586e-05
HIC,goal10,goal7,6,-1.0827725096901497e-05
HIC,goal10,goal7,7,3.6119590702548784e-06
HIC,goal10,goal7,8,-6.489652894593998e-07
HIC,goal10,goal7,9,2.2176563513214625e-07
HIC,goal10,goal7,10,-4.108799367531161e-08
HIC,goal13,goal7,0,0.0
HIC,goal13,goal7,1,0.0023722145094032168
HIC,goal13,goal7,2,0.007467704936653164
HIC,goal13,goal7,3,8.580446946973412e-05
HIC,goal13,goal7,4,0.0003031652042102
HIC,goal13,goal7,5,4.96681648591963e-05
HIC,goal13,goal7,6,8.44505102448844e-06
HIC,goal13,goal7,7,4.011112972936834e-06
HIC,goal13,goal7,8,3.166213010610323e-07
HIC,goal13,goal7,9,2.468607818312268e-07
HIC,goal13,goal7,10,1.6391365324709126e-08
HIC,goal16,goal7,0,0.0
HIC,goal16,goal7,1,0.006441704241864387
HIC,goal16,goal7,2,0.008146608348668856
HIC,goal16,goal7,3,-0.0009664878522343716
HIC,goal16,goal7,4,0.0006249852735119776
HIC,goal16,goal7,5,-4.852115753188674e-05
HIC,goal16,goal7,6,2.9269924686977627e-05
HIC,goal16,goal7,7,-1.1478845298686003e-06
HIC,goal16,goal7,8,1.2658764890481868e-06
HIC,goal16,goal7,9,2.5086941869022997e-08
HIC,goal16,goal7,10,5.2461922271576946e-08
HIC,goal1,goal8,0,0.05116127605670758
HIC,goal1,goal8,1,0.04886507198718718
HIC,goal1,goal8,2,0.009633273365056675
HIC,goal1,goal8,3,0.002840964448639337
HIC,goal1,goal8,4,0.0005845113471026444
HIC,goal1,goal8,5,0.00015454421314083186
HIC,goal1,goal8,6,3.2819610822192135e-05
HIC,goal1,goal8,7,8.68749008576182e-06
HIC,goal1,goal8,8,1.8897822303558987e-06
HIC,goal1,goal8,9,4.835495849315647e-07
HIC,goal1,goal8,10,1.0792346599601283e-07
HIC,goal3,goal8,0,0.0023228293306840155
HIC,goal3,goal8,1,-0.09192438194403685
HIC,goal3,goal8,2,-0.023672952653751383
HIC,goal3,goal8,3,-0.005314366184867694
HIC,goal3,goal8,4,-0.0011067903716769978
HIC,goal3,goal8,5,-0.0002869900454363664
HIC,goal3,goal8,6,-6.682940999861136e-05
HIC,goal3,goal8,7,-1.6220910408313608e-05
HIC,goal3,goal8,8,-3.7566904865698884e-06
HIC,goal3,goal8,9,-9.075495443894498e-07
HIC,goal3,goal8,10,-2.13898366366576e-07
HIC,goal4,goal8,0,-0.009828247827444597
HIC,goal4,goal8,1,-0.09146668475917755
HIC,goal4,goal8,2,-0.006847590455608233
HIC,goal4,goal8,3,-0.00030298990103854237
HIC,goal4,goal8,4,-0.00047313320544303887
HIC,goal4,goal8,5,-7.256488437032004e-05
HIC,goal4,goal8,6,-2.55606003011183e-05
HIC,goal4,goal8,7,-3.7638401991992756e-06
HIC,goal4,goal8,8,-1.3293073102899906e-06
HIC,goal4,goal8,9,-2.4479187793375746e-07
HIC,goal4,goal8,10,-7.10547916733973e-08
HIC,goal7,goal8,0,-0.10719613306455672
HIC,goal7,goal8,1,-0.014809581035569085
HIC,goal7,goal8,2,-0.002494478684500526
HIC,goal7,goal8,3,4.6137156830337225e-05
HIC,goal7,goal8,4,-0.0002633877969409378
HIC,goal7,goal8,5,-8.19399508572487e-06
HIC,goal7,goal8,6,-1.1842559895766844e-05
HIC,goal7,goal8,7,-8.19429771446863e-07
HIC,goal7,goal8,8,-5.774250937149055e-07
HIC,goal7,goal8,9,-7.091010792050728e-08
HIC,goal7,goal8,10,-2.7821833593220202e-08
HIC,goal8,goal8,0,0.7984672921945076
HIC,goal8,goal8,1,0.011120301462396077
HIC,goal8,goal8,2,0.010032051586846369
HIC,goal8,goal8,3,0.0011610412016389354
HIC,goal8,goal8,4,0.0006971220782745125
HIC,goal8,goal8,5,0.00010785672369486279
HIC,goal8,goal8,6,3.12745208630929e-05
HIC,goal8,goal8,7,6.399673475106861e-06
HIC,goal8,goal8,8,1.7310355658213763e-06
HIC,goal8,goal8,9,3.8090262777885413e-07
HIC,goal8,goal8,10,9.460082875214804e-08
HIC,goal10,goal8,0,0.0
HIC,goal10,goal8,1,-0.01573166622948347
HIC,goal10,goal8,2,0.00418276096646856
HIC,goal10,goal8,3,-0.0016896541599652798
HIC,goal10,goal8,4,0.0001536191319852187
HIC,goal10,goal8,5,-6.64419112479042e-05
HIC,goal10,goal8,6,3.725541474195504e-06
HIC,goal10,goal8,7,-2.6292193037939587e-06
HIC,goal10,goal8,8,-4.7349032625154724e-08
HIC,goal10,goal8,9,-9.940703159039307e-08
HIC,goal10,goal8,10,-1.1430498238774351e-08
HIC,goal13,goal8,0,0.0
HIC,goal13,goal8,1,-0.05109368787407925
HIC,goal13,goal8,2,-0.00435134078637331
HIC,goal13,goal8,3,-0.0022036430201189104
HIC,goal13,goal8,4,-0.0005315655982386457
HIC,goal13,goal8,5,-0.00010169207587521262
HIC,goal13,goal8,6,-2.9049519613486955e-05
HIC,goal13,goal8,7,-5.813033895690887e-06
HIC,goal13,goal8,8,-1.6550149468869606e-06
HIC,goal13,goal8,9,-3.333714829843326e-07
HIC,goal13,goal8,10,-9.141345111053868e-08
HIC,goal16,goal8,0,0.0
HIC,goal16,goal8,1,-0.06521608601459851
HIC,goal16,goal8,2,0.0035734279708185264
HIC,goal16,goal8,3,-0.0037684721416668242
HIC,goal16,goal8,4,-0.00011414645663678043
HIC,goal16,goal8,5,-0.00016228087839206674
HIC,goal16,goal8,6,-1.20099043273342e-05
HIC,goal16,goal8,7,-7.859057388218154e-06
HIC,goal16,goal8,8,-9.88030500931844e-07
HIC,goal16,goal8,9,-3.8899661896550566e-07
HIC,goal16,goal8,10,-6.525543377871693e-08
HIC,goal1,goal10,0,0.43455351545968973
HIC,goal1,goal10,1,-0.05578173315720909
HIC,goal1,goal10,2,0.006775460037358859
HIC,goal1,goal10,3,-0.0022696233598769296
HIC,goal1,goal10,4,0.0002877393360980145
HIC,goal1,goal10,5,-9.861916640275881e-05
HIC,goal1,goal10,6,1.0216852644653196e-05
HIC,goal1,goal10,7,-4.5672928554886934e-06
HIC,goal1,goal10,8,3.8895700468714303e-07
HIC,goal1,goal10,9,-2.2020598857994214e-07
HIC,goal1,goal10,10,1.4711805902326403e-08
HIC,goal3,goal10,0,0.0354903354218915
HIC,goal3,goal10,1,0.02251269546033249
HIC,goal3,goal10,2,0.009012812038489039
HIC,goal3,goal10,3,-0.001070288636189906
HIC,goal3,goal10,4,0.000525401154026403
HIC,goal3,goal10,5,-2.850859608739802e-05
HIC,goal3,goal10,6,2.7716950691691945e-05
HIC,goal3,goal10,7,-1.3754384697693265e-06
HIC,goal3,goal10,8,1.4080345310734391e-06
HIC,goal3,goal10,9,-3.707620522196086e-08
HIC,goal3,goal10,10,7.160004230856115e-08
HIC,goal4,goal10,0,-0.019946474404444574
HIC,goal4,goal10,1,0.025268976261073044
HIC,goal4,goal10,2,-0.011377843806749863
HIC,goal4,goal10,3,0.0024120865490229607
HIC,goal4,goal10,4,-0.0004240313803241343
HIC,goal4,goal10,5,0.00015588101397347894
HIC,goal4,goal10,6,-3.323249704832098e-05
HIC,goal4,goal10,7,9.04569824104382e-06
HIC,goal4,goal10,8,-1.6882934538242794e-06
HIC,goal4,goal10,9,4.6179735743915605e-07
HIC,goal4,goal10,10,-8.217508635702824e-08
HIC,goal7,goal10,0,-0.011691275151932091
HIC,goal7,goal10,1,0.02342476956281925
HIC,goal7,goal10,2,-0.013282113748224189
HIC,goal7,goal10,3,0.00438240726043564
HIC,goal7,goal10,4,-0.001102208715972922
HIC,goal7,goal10,5,0.0002861309320927296
HIC,goal7,goal10,6,-6.663226225348216e-05
HIC,goal7,goal10,7,1.5915296985655726e-05
HIC,goal7,goal10,8,-3.459181237767535e-06
HIC,goal7,goal10,9,7.982465411075973e-07
HIC,goal7,goal10,10,-1.686921992913125e-07
HIC,goal8,goal10,0,-0.041121564272307794
HIC,goal8,goal10,1,-0.023238710959613575
HIC,goal8,goal10,2,0.013405073593760213
HIC,goal8,goal10,3,-0.0038965205258545046
HIC,goal8,goal10,4,0.0005044749379702636
HIC,goal8,goal10,5,-0.00012160159002466522
HIC,goal8,goal10,6,1.527569770870251e-05
HIC,goal8,goal10,7,-4.627285905819863e-06
HIC,goal8,goal10,8,3.4945308467354865e-07
HIC,goal8,goal10,9,-1.6565740782325817e-07
HIC,goal8,goal10,10,4.203653177850431e-09
HIC,goal10,goal10,0,1.6754941241796197
HIC,goal10,goal10,1,-0.3572055814309288
HIC,goal10,goal10,2,0.07831782781064431
HIC,goal10,goal10,3,-0.017102511969172493
HIC,goal10,goal10,4,0.003847753438444077
HIC,goal10,goal10,5,-0.0008530974992305657
HIC,goal10,goal10,6,0.00018969215846435133
HIC,goal10,goal10,7,-4.113036167068891e-05
HIC,goal10,goal10,8,9.031247228335222e-06
HIC,goal10,goal10,9,-1.9378940406218824e-06
HIC,goal10,goal10,10,4.2331978693382193e-07
HIC,goal13,goal10,0,0.0
HIC,goal13,goal10,1,-0.0958630933568378
HIC,goal13,goal10,2,0.026548504161802756
HIC,goal13,goal10,3,-0.004621721640581577
HIC,goal13,goal10,4,0.0010769584366805253
HIC,goal13,goal10,5,-0.00018609302394735288
HIC,goal13,goal10,6,4.4113590597330355e-05
HIC,goal13,goal10,7,-6.917184321152377e-06
HIC,goal13,goal10,8,1.8463937449916951e-06
HIC,goal13,goal10,9,-2.778667245034243e-07
HIC,goal13,goal10,10,8.310027281775367e-08
HIC,goal16,goal10,0,0.0
HIC,goal16,goal10,1,-0.07945299330828079
HIC,goal16,goal10,2,0.026772088492915416
HIC,goal16,goal10,3,-0.005805370410892929
HIC,goal16,goal10,4,0.001530211267990102
HIC,goal16,goal10,5,-0.00032531510413020344
HIC,goal16,goal10,6,7.897154643310104e-05
HIC,goal16,goal10,7,-1.5346202368189692e-05
HIC,goal16,goal10,8,3.6924688173031015e-06
HIC,goal16,goal10,9,-6.91603164842116e-07
HIC,goal16,goal10,10,1.6873743634451266e-07
HIC,goal1,goal13,0,-0.02029678754987891
HIC,goal1,goal13,1,-0.051008477978866915
HIC,goal1,goal13,2,0.01073367519898829
HIC,goal1,goal13,3,-0.0022451903838750435
HIC,goal1,goal13,4,0.00027761875995343133
HIC,goal1,goal13,5,-9.019774283412309e-05
HIC,goal1,goal13,6,1.129373979006346e-05
HIC,goal1,goal13,7,-3.956438223940993e-06
HIC,goal1,goal13,8,4.016057119863275e-07
HIC,goal1,goal13,9,-1.840836099008225e-07
HIC,goal1,goal13,10,1.535942349782245e-08
HIC,goal3,goal13,0,-0.23718867849178837
HIC,goal3,goal13,1,-0.060499103481573814
HIC,goal3,goal13,2,0.008534131234293318
HIC,goal3,goal13,3,0.0009642024176925592
HIC,goal3,goal13,4,0.000226861152071349
HIC,goal3,goal13,5,-1.8107210685512555e-05
HIC,goal3,goal13,6,1.679372892337176e-05
HIC,goal3,goal13,7,-2.6395105618584045e-08
HIC,goal3,goal13,8,8.820851550336893e-07
HIC,goal3,goal13,9,-5.39856868985598e-09
HIC,goal3,goal13,10,4.732193246791346e-08
HIC,goal4,goal13,0,0.06767612611154245
HIC,goal4,goal13,1,0.013090293710285346
HIC,goal4,goal13,2,0.021140949623832825
HIC,goal4,goal13,3,-0.0019221666698102256
HIC,goal4,goal13,4,-0.00012952519210727336
HIC,goal4,goal13,5,5.61061069886376e-05
HIC,goal4,goal13,6,-6.569288887162349e-06
HIC,goal4,goal13,7,3.5899740160156838e-06
HIC,goal4,goal13,8,-7.394401572281595e-07
HIC,goal4,goal13,9,2.3534229954052229e-07
HIC,goal4,goal13,10,-3.957683015550296e-08
HIC,goal7,goal13,0,0.5206437010671721
HIC,goal7,goal13,1,-0.012613235232664138
HIC,goal7,goal13,2,0.0008875924866259275
HIC,goal7,goal13,3,0.0006022506051101485
HIC,goal7,goal13,4,-0.0004003416728469286
HIC,goal7,goal13,5,0.00013577578534223087
HIC,goal7,goal13,6,-3.236246239124605e-05
HIC,goal7,goal13,7,8.280592946405941e-06
HIC,goal7,goal13,8,-1.893440604998526e-06
HIC,goal7,goal13,9,4.6117847320560017e-07
HIC,goal7,goal13,10,-9.953515427810277e-08
HIC,goal8,goal13,0,0.051999589688489445
HIC,goal8,goal13,1,-0.14827983971260258
HIC,goal8,goal13,2,0.011459200244459093
HIC,goal8,goal13,3,-0.0002734775136067145
HIC,goal8,goal13,4,0.00011514110788449246
HIC,goal8,goal13,5,-7.093731594374976e-05
HIC,goal8,goal13,6,4.229364709742477e-06
HIC,goal8,goal13,7,-1.8101852207233687e-06
HIC,goal8,goal13,8,5.05787393774848e-08
HIC,goal8,goal13,9,-9.188915073761674e-08
HIC,goal8,goal13,10,-2.232798195604091e-09
HIC,goal10,goal13,0,0.01888870883511277
HIC,goal10,goal13,1,-0.04986447729872452
HIC,goal10,goal13,2,0.020272330082015202
HIC,goal10,goal13,3,-0.0067836160214850795
HIC,goal10,goal13,4,0.0018432334775565652
HIC,goal10,goal13,5,-0.0004361774973074836
HIC,goal10,goal13,6,0.00010285296685159322
HIC,goal10,goal13,7,-2.3450774921843952e-05
HIC,goal10,goal13,8,5.366147334750797e-06
HIC,goal10,goal13,9,-1.1837958097993583e-06
HIC,goal10,goal13,10,2.6603203789648055e-07
HIC,goal13,goal13,0,1.3998119857378184
HIC,goal13,goal13,1,-0.13686599135851582
HIC,goal13,goal13,2,0.0209544886740795
HIC,goal13,goal13,3,-0.004487403289091813
HIC,goal13,goal13,4,0.0009688509680695049
HIC,goal13,goal13,5,-0.0001472609813635235
HIC,goal13,goal13,6,3.452644913705875e-05
HIC,goal13,goal13,7,-5.893215528734968e-06
HIC,goal13,goal13,8,1.5221605999944037e-06
HIC,goal13,goal13,9,-2.3533845276391264e-07
HIC,goal13,goal13,10,6.729094937370475e-08
HIC,goal16,goal13,0,0.0
HIC,goal16,goal13,1,0.0589160894880598
HIC,goal16,goal13,2,-0.009545474442615807
HIC,goal16,goal13,3,-3.398255666462179e-05
HIC,goal16,goal13,4,0.0003544368366513539
HIC,goal16,goal13,5,-6.888414830963458e-05
HIC,goal16,goal13,6,2.4978059581719838e-05
HIC,goal16,goal13,7,-5.370583910847239e-06
HIC,goal16,goal13,8,1.6102501711210315e-06
HIC,goal16,goal13,9,-2.999281014948181e-07
HIC,goal16,goal13,10,8.536437039148518e-08
HIC,goal1,goal16,0,0.027661147394271248
HIC,goal1,goal16,1,-0.007439413350021952
HIC,goal1,goal16,2,-0.011177475769938962
HIC,goal1,goal16,3,-1.5145136168423825e-05
HIC,goal1,goal16,4,-0.000599505978075285
HIC,goal1,goal16,5,-1.5805373137743023e-05
HIC,goal1,goal16,6,-2.9773611321786677e-05
HIC,goal1,goal16,7,-1.7788551519648246e-06
HIC,goal1,goal16,8,-1.5057225008754644e-06
HIC,goal1,goal16,9,-1.3570261140961605e-07
HIC,goal1,goal16,10,-7.793454052920178e-08
HIC,goal3,goal16,0,0.09574053884983472
HIC,goal3,goal16,1,0.043144562362455334
HIC,goal3,goal16,2,0.012861943532616176
HIC,goal3,goal16,3,0.0023421799695370876
HIC,goal3,goal16,4,0.0006141138919044222
HIC,goal3,goal16,5,0.00014549555708115154
HIC,goal3,goal16,6,3.332302033134709e-05
HIC,goal3,goal16,7,8.601505286243035e-06
HIC,goal3,goal16,8,1.8040759659474158e-06
HIC,goal3,goal16,9,4.960165962193691e-07
HIC,goal3,goal16,10,1.0064061236238774e-07
HIC,goal4,goal16,0,-0.030058439866053017
HIC,goal4,goal16,1,0.07096703590645463
HIC,goal4,goal16,2,-0.007416046479519305
HIC,goal4,goal16,3,0.0024794668075885924
HIC,goal4,goal16,4,-0.0001311775878554751
HIC,goal4,goal16,5,9.935564829002842e-05
HIC,goal4,goal16,6,2.502042033554289e-06
HIC,goal4,goal16,7,3.4185239675091902e-06
HIC,goal4,goal16,8,5.223011216514061e-07
HIC,goal4,goal16,9,1.2858262437509276e-07
HIC,goal4,goal16,10,4.107212764778101e-08
HIC,goal7,goal16,0,-0.04014992792349592
HIC,goal7,goal16,1,0.0371813262751791
HIC,goal7,goal16,2,-0.005703124765938605
HIC,goal7,goal16,3,0.0013202202144377648
HIC,goal7,goal16,4,-5.984401922187303e-05
HIC,goal7,goal16,5,2.319145162638271e-05
HIC,goal7,goal16,6,6.422559435342194e-06
HIC,goal7,goal16,7,-5.838677794786444e-07
HIC,goal7,goal16,8,7.006248397072414e-07
HIC,goal7,goal16,9,-8.856971958466304e-08
HIC,goal7,goal16,10,4.822947237988855e-08
HIC,goal8,goal16,0,0.2430936272192668
HIC,goal8,goal16,1,-0.07184714135582655
HIC,goal8,goal16,2,0.004162547759233986
HIC,goal8,goal16,3,-0.0022551531913089905
HIC,goal8,goal16,4,-0.00011020723560268525
HIC,goal8,goal16,5,-8.763557262773413e-05
HIC,goal8,goal16,6,-1.1056860241319957e-05
HIC,goal8,goal16,7,-4.022403294055727e-06
HIC,goal8,goal16,8,-7.831666535993538e-07
HIC,goal8,goal16,9,-2.0564782556646034e-07
HIC,goal8,goal16,10,-4.7252273875351975e-08
HIC,goal10,goal16,0,0.018623942146404025
HIC,goal10,goal16,1,-0.030166367838855613
HIC,goal10,goal16,2,0.005906124894185954
HIC,goal10,goal16,3,-1.6050203025514834e-05
HIC,goal10,goal16,4,-0.00011809670132539891
HIC,goal10,goal16,5,8.988207174707575e-05
HIC,goal10,goal16,6,-2.3584493423716694e-05
HIC,goal10,goal16,7,7.938195469507114e-06
HIC,goal10,goal16,8,-1.7681666543243586e-06
HIC,goal10,goal16,9,5.071877790402019e-07
HIC,goal10,goal16,10,-1.058346285056778e-07
HIC,goal13,goal16,0,0.06056092133600674
HIC,goal13,goal16,1,0.048413119454659564
HIC,goal13,goal16,2,-0.005788144516988309
HIC,goal13,goal16,3,0.00337796554495392
HIC,goal13,goal16,4,-0.0002567138214952017
HIC,goal13,goal16,5,0.00016428151973346163
HIC,goal13,goal16,6,-8.830227898713901e-06
HIC,goal13,goal16,7,7.951788294215911e-06
HIC,goal13,goal16,8,-1.957412573198325e-07
HIC,goal13,goal16,9,3.8590917048511424e-07
HIC,goal13,goal16,10,1.8025556493320201e-09
HIC,goal16,goal16,0,0.8884043759814395
HIC,goal16,goal16,1,-0.13718666400200483
HIC,goal16,goal16,2,0.03011584034810407
HIC,goal16,goal16,3,-0.003602526826332784
HIC,goal16,goal16,4,0.0009896519135395938
HIC,goal16,goal16,5,-7.306615042451157e-05
HIC,goal16,goal16,6,3.102077776531e-05
HIC,goal16,goal16,7,3.5966474961576696e-07
HIC,goal16,goal16,8,9.729036874238212e-07
HIC,goal16,goal16,9,1.5567467752060523e-07
HIC,goal16,goal16,10,3.1725569516296996e-08
LIC,goal1,goal1,0,1.4165341111824596
LIC,goal1,goal1,1,0.3976694461686744
LIC,goal1,goal1,2,0.09772345099014554
LIC,goal1,goal1,3,0.029108611099921314
LIC,goal1,goal1,4,0.00914639021274587
LIC,goal1,goal1,5,0.0031547299805561382
LIC,goal1,goal1,6,0.0008747069613937858
LIC,goal1,goal1,7,0.00028252872695011283
LIC,goal1,goal1,8,8.133601550283019e-05
LIC,goal1,goal1,9,2.752636758456318e-05
LIC,goal1,goal1,10,7.86967048921971e-06
LIC,goal3,goal1,0,0.0
LIC,goal3,goal1,1,0.13990367596570208
LIC,goal3,goal1,2,0.009323264484675105
LIC,goal3,goal1,3,0.007335164606899437
LIC,goal3,goal1,4,-0.00018776470268500698
LIC,goal3,goal1,5,0.0009168167492472824
LIC,goal3,goal1,6,4.484911300549656e-05
LIC,goal3,goal1,7,8.654945983223947e-05
LIC,goal3,goal1,8,-1.139724925720988e-07
LIC,goal3,goal1,9,8.365106774460057e-06
LIC,goal3,goal1,10,4.7426961213946734e-08
LIC,goal4,goal1,0,0.0
LIC,goal4,goal1,1,6.699326494757085e-05
LIC,goal4,goal1,2,0.018938627284885642
LIC,goal4,goal1,3,0.006374224501244454
LIC,goal4,goal1,4,0.0017413907904839695
LIC,goal4,goal1,5,0.00026944865282287533
LIC,goal4,goal1,6,0.00018131560543605438
LIC,goal4,goal1,7,4.0015053628776776e-05
LIC,goal4,goal1,8,1.8016408003398182e-05
LIC,goal4,goal1,9,3.3139858203033167e-06
LIC,goal4,goal1,10,1.6402229168707855e-06
LIC,goal7,goal1,0,0.0
LIC,goal7,goal1,1,0.020095163018670693
LIC,goal7,goal1,2,0.005902604203607891
LIC,goal7,goal1,3,-0.00369122110715014
LIC,goal7,goal1,4,0.0008677024686369808
LIC,goal7,goal1,5,-0.0003482243287320023
LIC,goal7,goal1,6,7.87221642851403e-05
LIC,goal7,goal1,7,-3.10616102291279e-05
LIC,goal7,goal1,8,7.155084659442006e-06
LIC,goal7,goal1,9,-3.256206920430784e-06
LIC,goal7,goal1,10,7.87956957649201e-07
LIC,goal8,goal1,0,0.0
LIC,goal8,goal1,1,-0.0006378917926123209
LIC,goal8,goal1,2,-0.02584756480015299
LIC,goal8,goal1,3,0.002070814079026631
LIC,goal8,goal1,4,-0.002802857242141923
LIC,goal8,goal1,5,4.8093925138344826e-05
LIC,goal8,goal1,6,-0.00023524518217865454
LIC,goal8,goal1,7,7.5731899475229e-06
LIC,goal8,goal1,8,-2.43180641269311e-05
LIC,goal8,goal1,9,1.0132130315576804e-06
LIC,goal8,goal1,10,-2.417043324251924e-06
LIC,goal10,goal1,0,0.0
LIC,goal10,goal1,1,-0.027471267129454812
LIC,goal10,goal1,2,-0.031509868521586264
LIC,goal10,goal1,3,-0.0047127979357282765
LIC,goal10,goal1,4,-0.0001237730761580413
LIC,goal10,goal1,5,-0.0003323241818000822
LIC,goal10,goal1,6,-0.0001188168663893776
LIC,goal10,goal1,7,-4.1414005288711594e-05
LIC,goal10,goal1,8,-8.657877807115797e-06
LIC,goal10,goal1,9,-3.093061764633807e-06
LIC,goal10,goal1,10,-8.446757465944768e-07
LIC,goal13,goal1,0,0.0
LIC,goal13,goal1,1,0.040139799258706886
LIC,goal13,goal1,2,-0.018930583789950207
LIC,goal13,goal1,3,-0.0006150708623144094
LIC,goal13,goal1,4,-0.0010754608466044201
LIC,goal13,goal1,5,-1.721849406053395e-05
LIC,goal13,goal1,6,-0.00012171127906725987
LIC,goal13,goal1,7,-5.158608501171717e-07
LIC,goal13,goal1,8,-1.3131259597307504e-05
LIC,goal13,goal1,9,3.2265511276213786e-07
LIC,goal13,goal1,10,-1.2566362197151429e-06
LIC,goal16,goal1,0,0.0
LIC,goal16,goal1,1,0.06225903188933006
LIC,goal16,goal1,2,0.007413786084517906
LIC,goal16,goal1,3,0.010484199999172565
LIC,goal16,goal1,4,0.0014779491619736785
LIC,goal16,goal1,5,0.0006555411712128979
LIC,goal16,goal1,6,7.472597806426281e-05
LIC,goal16,goal1,7,7.854325631025721e-05
LIC,goal16,goal1,8,9.492303801322354e-06
LIC,goal16,goal1,9,7.3932819047426145e-06
LIC,goal16,goal1,10,6.927208339294318e-07
LIC,goal1,goal3,0,0.10979765581585667
LIC,goal1,goal3,1,-0.05837875711121352
LIC,goal1,goal3,2,0.006339000066052702
LIC,goal1,goal3,3,0.008099010020779635
LIC,goal1,goal3,4,0.004907510230930641
LIC,goal1,goal3,5,0.0005832565335717249
LIC,goal1,goal3,6,0.00030916064582952154
LIC,goal1,goal3,7,5.66054746923352e-05
LIC,goal1,goal3,8,3.667325393560856e-05
LIC,goal1,goal3,9,6.1277666174282365e-06
LIC,goal1,goal3,10,3.301699560916029e-06
LIC,goal3,goal3,0,0.9692352226989875
LIC,goal3,goal3,1,-0.08751182136802654
LIC,goal3,goal3,2,0.02017187433546349
LIC,goal3,goal3,3,-0.01181262518780811
LIC,goal3,goal3,4,0.004552837445564782
LIC,goal3,goal3,5,-0.0006726850247558786
LIC,goal3,goal3,6,0.0003475115973972056
LIC,goal3,goal3,7,-9.796275876545557e-05
LIC,goal3,goal3,8,3.651500801673627e-05
LIC,goal3,goal3,9,-8.420163913151616e-06
LIC,goal3,goal3,10,3.7472219417996526e-06
LIC,goal4,goal3,0,0.0
LIC,goal4,goal3,1,0.14450125851173445
LIC,goal4,goal3,2,0.02016274012716421
LIC,goal4,goal3,3,0.00212345686749394
LIC,goal4,goal3,4,-0.0012540434236165431
LIC,goal4,goal3,5,0.0005389760365719341
LIC,goal4,goal3,6,-2.068678879933554e-06
LIC,goal4,goal3,7,4.24012729425274e-05
LIC,goal4,goal3,8,-5.037703792157857e-06
LIC,goal4,goal3,9,3.5967461604046204e-06
LIC,goal4,goal3,10,-3.0022057942699895e-07
LIC,goal7,goal3,0,0.0
LIC,goal7,goal3,1,0.00867310418140176
LIC,goal7,goal3,2,-0.03114857349962322
LIC,goal7,goal3,3,0.008536058106261887
LIC,goal7,goal3,4,-0.0027614313894367792
LIC,goal7,goal3,5,0.0007697976916084544
LIC,goal7,goal3,6,-0.0002241243086958753
LIC,goal7,goal3,7,6.421664935919988e-05
LIC,goal7,goal3,8,-2.2272586420752486e-05
LIC,goal7,goal3,9,6.975343180221772e-06
LIC,goal7,goal3,10,-2.280510128787053e-06
LIC,goal8,goal3,0,0.0
LIC,goal8,goal3,1,-0.1657453131019407
LIC,goal8,goal3,2,0.04589879511575385
LIC,goal8,goal3,3,-0.017463761646647726
LIC,goal8,goal3,4,0.003350277353752632
LIC,goal8,goal3,5,-0.0011216776280164994
LIC,goal8,goal3,6,0.00029365381097992173
LIC,goal8,goal3,7,-0.00011802390471903922
LIC,goal8,goal3,8,3.024871155718162e-05
LIC,goal8,goal3,9,-1.1847547852999124e-05
LIC,goal8,goal3,10,3.1511091636200418e-06
LIC,goal10,goal3,0,0.0
LIC,goal10,goal3,1,-0.18997949395395816
LIC,goal10,goal3,2,0.008462933159923046
LIC,goal10,goal3,3,0.008390734361101215
LIC,goal10,goal3,4,-0.0009242036632499239
LIC,goal10,goal3,5,-0.0002756098832208238
LIC,goal10,goal3,6,-8.83419606164723e-05
LIC,goal10,goal3,7,6.5992263544466895e-06
LIC,goal10,goal3,8,-2.755747176883315e-06
LIC,goal10,goal3,9,-4.1090285294101446e-07
LIC,goal10,goal3,10,-7.338627100916122e-07
LIC,goal13,goal3,0,0.0
LIC,goal13,goal3,1,-0.1252013739649133
LIC,goal13,goal3,2,0.004040763637572307
LIC,goal13,goal3,3,-0.002142071057991051
LIC,goal13,goal3,4,0.0007062411574724019
LIC,goal13,goal3,5,-0.00042425880738205477
LIC,goal13,goal3,6,0.00010256491141641424
LIC,goal13,goal3,7,-5.5702139865141925e-05
LIC,goal13,goal3,8,1.4763230234089286e-05
LIC,goal13,goal3,9,-5.657739364484632e-06
LIC,goal13,goal3,10,1.441897279012293e-06
LIC,goal16,goal3,0,0.0
LIC,goal16,goal3,1,-0.06432084533844903
LIC,goal16,goal3,2,0.04852576173248602
LIC,goal16,goal3,3,-0.0025143098685256465
LIC,goal16,goal3,4,0.000821146440076823
LIC,goal16,goal3,5,-0.00046846711583145253
LIC,goal16,goal3,6,0.0002768089540901465
LIC,goal16,goal3,7,-3.455315177120088e-05
LIC,goal16,goal3,8,2.2812133030381356e-05
LIC,goal16,goal3,9,-4.9472805650848445e-06
LIC,goal16,goal3,10,2.3780218260208854e-06
LIC,goal1,goal4,0,0.020692004719961767
LIC,goal1,goal4,1,0.5369113811911272
LIC,goal1,goal4,2,0.19917843149790607
LIC,goal1,goal4,3,0.07072675754481958
LIC,goal1,goal4,4,0.02128314687639205
LIC,goal1,goal4,5,0.00725512315627162
LIC,goal1,goal4,6,0.0019355225507484957
LIC,goal1,goal4,7,0.0007017364184021459
LIC,goal1,goal4,8,0.0001898953684692285
LIC,goal1,goal4,9,6.699575059388344e-05
LIC,goal1,goal4,10,1.7874361757306692e-05
LIC,goal3,goal4,0,0.24027146976003358
LIC,goal3,goal4,1,0.2828907352932183
LIC,goal3,goal4,2,-0.02421173777133587
LIC,goal3,goal4,3,0.028924777087046254
LIC,goal3,goal4,4,-0.001322777336857583
LIC,goal3,goal4,5,0.002926649049454286
LIC,goal3,goal4,6,-0.00021051355369245558
LIC,goal3,goal4,7,0.0002766448610543009
LIC,goal3,goal4,8,-2.188914233016027e-05
LIC,goal3,goal4,9,2.8290236565426904e-05
LIC,goal3,goal4,10,-2.5081817582546783e-06
LIC,goal4,goal4,0,2.618954203861403
LIC,goal4,goal4,1,0.15420203279102815
LIC,goal4,goal4,2,0.06348699555632366
LIC,goal4,goal4,3,0.0139240697185795
LIC,goal4,goal4,4,0.00423254318740881
LIC,goal4,goal4,5,0.0008345833880545015
LIC,goal4,goal4,6,0.0005394158220899898
LIC,goal4,goal4,7,6.223601980701762e-05
LIC,goal4,goal4,8,4.7058795275001034e-05
LIC,goal4,goal4,9,6.263436497073315e-06
LIC,goal4,goal4,10,4.609874272354333e-06
LIC,goal7,goal4,0,0.0
LIC,goal7,goal4,1,-0.0038827199920749293
LIC,goal7,goal4,2,-0.022287060893450155
LIC,goal7,goal4,3,-0.010353105758819672
LIC,goal7,goal4,4,0.0039159952163526895
LIC,goal7,goal4,5,-0.0015506913499765582
LIC,goal7,goal4,6,0.0003724866120100846
LIC,goal7,goal4,7,-0.00013016441157422798
LIC,goal7,goal4,8,3.350823494871592e-05
LIC,goal7,goal4,9,-1.280355033332604e-05
LIC,goal7,goal4,10,3.5558125567121134e-06
LIC,goal8,goal4,0,0.0
LIC,goal8,goal4,1,-0.2665915093674892
LIC,goal8,goal4,2,-0.08151084282035398
LIC,goal8,goal4,3,0.01282436781716529
LIC,goal8,goal4,4,-0.0104008898575458
LIC,goal8,goal4,5,0.0011514017052737914
LIC,goal8,goal4,6,-0.0008305713882334507
LIC,goal8,goal4,7,8.938377785441491e-05
LIC,goal8,goal4,8,-8.203484083230485e-05
LIC,goal8,goal4,9,1.0683510187122144e-05
LIC,goal8,goal4,10,-8.381973112383227e-06
LIC,goal10,goal4,0,0.0
LIC,goal10,goal4,1,0.08628177378473148
LIC,goal10,goal4,2,-0.05855780473331954
LIC,goal10,goal4,3,-0.0015489001544236908
LIC,goal10,goal4,4,-0.0017176174276372041
LIC,goal10,goal4,5,-0.0013709360795500368
LIC,goal10,goal4,6,-0.00016845621022371847
LIC,goal10,goal4,7,-8.573703700617648e-05
LIC,goal10,goal4,8,-1.961853802283333e-05
LIC,goal10,goal4,9,-8.80700111584395e-06
LIC,goal10,goal4,10,-1.894199008450183e-06
LIC,goal13,goal4,0,0.0
LIC,goal13,goal4,1,-0.006987769033515369
LIC,goal13,goal4,2,-0.09013875164804339
LIC,goal13,goal4,3,0.008787907574625475
LIC,goal13,goal4,4,-0.004377989035669885
LIC,goal13,goal4,5,0.00011835689818398506
LIC,goal13,goal4,6,-0.0003871225065986126
LIC,goal13,goal4,7,3.63735646491584e-05
LIC,goal13,goal4,8,-4.314793548348682e-05
LIC,goal13,goal4,9,4.8929621870832885e-06
LIC,goal13,goal4,10,-4.368878186363885e-06
LIC,goal16,goal4,0,0.0
LIC,goal16,goal4,1,0.3555369904069367
LIC,goal16,goal4,2,-0.01851198685684534
LIC,goal16,goal4,3,0.025906040183184695
LIC,goal16,goal4,4,0.0007405383584175049
LIC,goal16,goal4,5,0.002054984572958349
LIC,goal16,goal4,6,0.00013934682682505237
LIC,goal16,goal4,7,0.00022595237967663686
LIC,goal16,goal4,8,3.887553512139247e-06
LIC,goal16,goal4,9,2.2095375390495318e-05
LIC,goal16,goal4,10,2.974494482878721e-07
LIC,goal1,goal7,0,-0.1373910138087872
LIC,goal1,goal7,1,-0.09540492249247441
LIC,goal1,goal7,2,-0.055791119110696244
LIC,goal1,goal7,3,0.0015954069928710468
LIC,goal1,goal7,4,-0.0028141424974728498
LIC,goal1,goal7,5,-0.0006568207648787562
LIC,goal1,goal7,6,-0.0005603075259057385
LIC,goal1,goal7,7,-2.864830822491554e-05
LIC,goal1,goal7,8,-4.419105470996867e-05
LIC,goal1,goal7,9,-2.285210450796534e-06
LIC,goal1,goal7,10,-4.872700783576813e-06
LIC,goal3,goal7,0,0.15728051175844804
LIC,goal3,goal7,1,0.06912269174992461
LIC,goal3,goal7,2,-0.09831854798856776
LIC,goal3,goal7,3,0.018200016182044594
LIC,goal3,goal7,4,-0.005853801354191101
LIC,goal3,goal7,5,0.0023093015523627824
LIC,goal3,goal7,6,-0.0008595226081935543
LIC,goal3,goal7,7,0.00021363856047541482
LIC,goal3,goal7,8,-8.123931129674023e-05
LIC,goal3,goal7,9,2.449410103680517e-05
LIC,goal3,goal7,10,-8.53323757161854e-06
LIC,goal4,goal7,0,-0.11677813705036673
LIC,goal4,goal7,1,-0.03704861436491637
LIC,goal4,goal7,2,0.014981621499345265
LIC,goal4,goal7,3,-0.011127521027044514
LIC,goal4,goal7,4,-0.000759507318621505
LIC,goal4,goal7,5,-0.00031994530906658306
LIC,goal4,goal7,6,0.00015699919946607054
LIC,goal4,goal7,7,-7.612050221115127e-05
LIC,goal4,goal7,8,1.0738027210004728e-05
LIC,goal4,goal7,9,-7.503062426930251e-06
LIC,goal4,goal7,10,1.5723429047259381e-06
LIC,goal7,goal7,0,1.3373782036799289
LIC,goal7,goal7,1,-0.12543392014542848
LIC,goal7,goal7,2,0.016664334419263856
LIC,goal7,goal7,3,-0.007118205749391685
LIC,goal7,goal7,4,0.004140914464361897
LIC,goal7,goal7,5,-0.0014748327625090977
LIC,goal7,goal7,6,0.0005230907250505094
LIC,goal7,goal7,7,-0.0001690999868247728
LIC,goal7,goal7,8,5.377161643945033e-05
LIC,goal7,goal7,9,-1.6678332329179612e-05
LIC,goal7,goal7,10,5.502730948772828e-06
LIC,goal8,goal7,0,0.0
LIC,goal8,goal7,1,0.044527019825696415
LIC,goal8,goal7,2,-0.013758612086098361
LIC,goal8,goal7,3,0.015996568554755147
LIC,goal8,goal7,4,-0.006505790300042956
LIC,goal8,goal7,5,0.002698057303500781
LIC,goal8,goal7,6,-0.0007555047829371012
LIC,goal8,goal7,7,0.0002579374334349869
LIC,goal8,goal7,8,-7.666809491353174e-05
LIC,goal8,goal7,9,2.7125803375495413e-05
LIC,goal8,goal7,10,-8.010024842790929e-06
LIC,goal10,goal7,0,0.0
LIC,goal10,goal7,1,-0.21256922473854512
LIC,goal10,goal7,2,0.029686825533390224
LIC,goal10,goal7,3,0.013368001045301819
LIC,goal10,goal7,4,-0.0007428440843743514
LIC,goal10,goal7,5,-0.0005854847453149825
LIC,goal10,goal7,6,0.00012424835822746262
LIC,goal10,goal7,7,7.159954962206463e-06
LIC,goal10,goal7,8,1.2560180675101321e-05
LIC,goal10,goal7,9,-1.8449493700500498e-06
LIC,goal10,goal7,10,7.826170366649306e-07
LIC,goal13,goal7,0,0.0
LIC,goal13,goal7,1,0.10527188192069284
LIC,goal13,goal7,2,-0.06126824058509289
LIC,goal13,goal7,3,0.025323293039362395
LIC,goal13,goal7,4,-0.005511502096348266
LIC,goal13,goal7,5,0.0015805357527091696
LIC,goal13,goal7,6,-0.00043646083883248725
LIC,goal13,goal7,7,0.00014251826287643894
LIC,goal13,goal7,8,-3.9553116394587835e-05
LIC,goal13,goal7,9,1.4302630925325291e-05
LIC,goal13,goal7,10,-4.193751202234512e-06
LIC,goal16,goal7,0,0.0
LIC,goal16,goal7,1,0.19390498389495708
LIC,goal16,goal7,2,-0.026296355687524885
LIC,goal16,goal7,3,0.012815644619815904
LIC,goal16,goal7,4,-0.007385947828174002
LIC,goal16,goal7,5,0.0012633556327027809
LIC,goal16,goal7,6,-0.00040893071691677264
LIC,goal16,goal7,7,0.00013073981084890679
LIC,goal16,goal7,8,-5.467613744857684e-05
LIC,goal16,goal7,9,1.2656329013704379e-05
LIC,goal16,goal7,10,-5.202857788673527e-06
LIC,goal1,goal8,0,-0.10548785976173271
LIC,goal1,goal8,1,-0.07888520581078079
LIC,goal1,goal8,2,-0.02285840688632591
LIC,goal1,goal8,3,-0.010139112239189662
LIC,goal1,goal8,4,-0.0027298192187496244
LIC,goal1,goal8,5,-0.0008967586719504489
LIC,goal1,goal8,6,-0.0003225715229358677
LIC,goal1,goal8,7,-8.463093408461e-05
LIC,goal1,goal8,8,-2.9465871332384374e-05
LIC,goal1,goal8,9,-7.992022753492193e-06
LIC,goal1,goal8,10,-2.876267549412395e-06
LIC,goal3,goal8,0,0.16114232652688726
LIC,goal3,goal8,1,-0.042729568574872714
LIC,goal3,goal8,2,-0.008104490773489613
LIC,goal3,goal8,3,-0.0012019993000769139
LIC,goal3,goal8,4,-0.0008432209554069984
LIC,goal3,goal8,5,5.792968553760434e-05
LIC,goal3,goal8,6,-0.00011882849382294298
LIC,goal3,goal8,7,6.400681991372896e-06
LIC,goal3,goal8,8,-1.2356699026962435e-05
LIC,goal3,goal8,9,1.241663709467412e-06
LIC,goal3,goal8,10,-1.2738349918182721e-06
LIC,goal4,goal8,0,-0.08061911848336735
LIC,goal4,goal8,1,-0.03417307697240021
LIC,goal4,goal8,2,-0.01645272072474877
LIC,goal4,goal8,3,0.00031443119551151453
LIC,goal4,goal8,4,-0.0011491849245097337
LIC,goal4,goal8,5,-0.0001425002836830815
LIC,goal4,goal8,6,-2.9935645222033012e-05
LIC,goal4,goal8,7,-2.0618733568524353e-05
LIC,goal4,goal8,8,-3.42812790602091e-06
LIC,goal4,goal8,9,-1.9834625828930202e-06
LIC,goal4,goal8,10,-2.66843125462233e-07
LIC,goal7,goal8,0,0.004334042678572237
LIC,goal7,goal8,1,0.10784916125449846
LIC,goal7,goal8,2,-0.018213962123812173
LIC,goal7,goal8,3,0.001925232409500487
LIC,goal7,goal8,4,0.00044878339786345156
LIC,goal7,goal8,5,-0.00015916371367847396
LIC,goal7,goal8,6,5.736596781441745e-05
LIC,goal7,goal8,7,-1.3416311308031743e-05
LIC,goal7,goal8,8,5.0897738440586235e-06
LIC,goal7,goal8,9,-1.460343277375333e-06
LIC,goal7,goal8,10,5.985809654467284e-07
LIC,goal8,goal8,0,0.9281924539030643
LIC,goal8,goal8,1,-0.11809741296179692
LIC,goal8,goal8,2,0.019181411284558605
LIC,goal8,goal8,3,0.0026358633112324387
LIC,goal8,goal8,4,-0.00038228619769878136
LIC,goal8,goal8,5,0.0003445616498824816
LIC,goal8,goal8,6,-1.8079839633908645e-05
LIC,goal8,goal8,7,3.003670823702811e-05
LIC,goal8,goal8,8,-3.637869147351104e-06
LIC,goal8,goal8,9,3.655912942401143e-06
LIC,goal8,goal8,10,-5.316229829776616e-07
LIC,goal10,goal8,0,0.0
LIC,goal10,goal8,1,0.04790935569379418
LIC,goal10,goal8,2,-0.011682368031496412
LIC,goal10,goal8,3,0.003671817387694972
LIC,goal10,goal8,4,0.0005748395244088094
LIC,goal10,goal8,5,-5.414451175909254e-05
LIC,goal10,goal8,6,5.1548527149876514e-05
LIC,goal10,goal8,7,1.0158977554212107e-05
LIC,goal10,goal8,8,3.989209096030389e-06
LIC,goal10,goal8,9,8.386676512315944e-07
LIC,goal10,goal8,10,3.546994078101176e-07
LIC,goal13,goal8,0,0.0
LIC,goal13,goal8,1,0.1294342787707733
LIC,goal13,goal8,2,-0.03143290071667605
LIC,goal13,goal8,3,0.008345690956300545
LIC,goal13,goal8,4,-0.0009327466283078581
LIC,goal13,goal8,5,0.00029155469756278495
LIC,goal13,goal8,6,-3.8614022701394556e-05
LIC,goal13,goal8,7,2.5127882401316002e-05
LIC,goal13,goal8,8,-3.764923467524648e-06
LIC,goal13,goal8,9,2.4043785858823194e-06
LIC,goal13,goal8,10,-3.349735290109977e-07
LIC,goal16,goal8,0,0.0
LIC,goal16,goal8,1,0.05413486260764114
LIC,goal16,goal8,2,-0.018922318652245612
LIC,goal16,goal8,3,0.00126922566595086
LIC,goal16,goal8,4,-0.0011528247097822373
LIC,goal16,goal8,5,-0.00010163696388014992
LIC,goal16,goal8,6,-8.475955117214877e-05
LIC,goal16,goal8,7,-4.401236467322971e-07
LIC,goal16,goal8,8,-1.0736068738024889e-05
LIC,goal16,goal8,9,-2.992561427893787e-08
LIC,goal16,goal8,10,-1.0164623064335648e-06
LIC,goal1,goal10,0,0.0810981188397786
LIC,goal1,goal10,1,0.42939954779620804
LIC,goal1,goal10,2,0.02414589521144591
LIC,goal1,goal10,3,-0.0015945659754886135
LIC,goal1,goal10,4,0.007675303370463996
LIC,goal1,goal10,5,0.003260602077458155
LIC,goal1,goal10,6,0.0008036819107898356
LIC,goal1,goal10,7,0.00020784252880631267
LIC,goal1,goal10,8,6.030243447564712e-05
LIC,goal1,goal10,9,2.3934100680174177e-05
LIC,goal1,goal10,10,6.902638161537179e-06
LIC,goal3,goal10,0,0.2627346721973365
LIC,goal3,goal10,1,0.33702204650741474
LIC,goal3,goal10,2,0.0762256935458474
LIC,goal3,goal10,3,-0.007895201466240705
LIC,goal3,goal10,4,-0.0027197716321473732
LIC,goal3,goal10,5,0.0009249272816566679
LIC,goal3,goal10,6,0.00020511063614043657
LIC,goal3,goal10,7,8.129889594750524e-05
LIC,goal3,goal10,8,-9.570310992561737e-06
LIC,goal3,goal10,9,6.968657823629563e-06
LIC,goal3,goal10,10,-3.1621101252501373e-08
LIC,goal4,goal10,0,0.2030100592276468
LIC,goal4,goal10,1,-0.11151850173283742
LIC,goal4,goal10,2,0.06358570602692519
LIC,goal4,goal10,3,0.026284295971304227
LIC,goal4,goal10,4,-0.0002334520867136304
LIC,goal4,goal10,5,-8.303316193386476e-05
LIC,goal4,goal10,6,9.013269094654871e-05
LIC,goal4,goal10,7,6.0976436240538065e-05
LIC,goal4,goal10,8,1.9632361661908278e-05
LIC,goal4,goal10,9,1.9011828985450622e-06
LIC,goal4,goal10,10,1.1131436801286527e-06
LIC,goal7,goal10,0,-0.19293093521577867
LIC,goal7,goal10,1,0.09221375776644383
LIC,goal7,goal10,2,-0.04809155427815281
LIC,goal7,goal10,3,0.005250438695291559
LIC,goal7,goal10,4,-0.001283527858711034
LIC,goal7,goal10,5,-0.0002723051145664624
LIC,goal7,goal10,6,0.00011297338506584258
LIC,goal7,goal10,7,-2.9535417659812196e-05
LIC,goal7,goal10,8,5.565163306596567e-06
LIC,goal7,goal10,9,-3.197757776819529e-06
LIC,goal7,goal10,10,8.513948494241077e-07
LIC,goal8,goal10,0,0.10549869951518501
LIC,goal8,goal10,1,-0.4656706998366026
LIC,goal8,goal10,2,0.061776995938678386
LIC,goal8,goal10,3,-0.008360908941630345
LIC,goal8,goal10,4,-0.0028869631223379408
LIC,goal8,goal10,5,-1.9282421647400158e-05
LIC,goal8,goal10,6,-0.00017438089935829123
LIC,goal8,goal10,7,8.77075398528748e-06
LIC,goal8,goal10,8,-2.0701580516640327e-05
LIC,goal8,goal10,9,9.300302341378726e-07
LIC,goal8,goal10,10,-2.3106829428281635e-06
LIC,goal10,goal10,0,3.4340832557174994
LIC,goal10,goal10,1,-0.11497219646992328
LIC,goal10,goal10,2,-0.1536510370982714
LIC,goal10,goal10,3,0.0002518738262960893
LIC,goal10,goal10,4,0.0037998345795504274
LIC,goal10,goal10,5,0.00023688316003399182
LIC,goal10,goal10,6,-0.00020661365429578126
LIC,goal10,goal10,7,-8.397109183454572e-05
LIC,goal10,goal10,8,-3.5370836386982886e-06
LIC,goal10,goal10,9,-1.8679186574150072e-07
LIC,goal10,goal10,10,-6.605965943244227e-07
LIC,goal13,goal10,0,0.0
LIC,goal13,goal10,1,0.11699626395168855
LIC,goal13,goal10,2,-0.09492732540540304
LIC,goal13,goal10,3,0.009828370710344442
LIC,goal13,goal10,4,-0.003938160717675828
LIC,goal13,goal10,5,0.0006463760175042109
LIC,goal13,goal10,6,-0.00016411831629887304
LIC,goal13,goal10,7,5.677338617885183e-06
LIC,goal13,goal10,8,-1.7218654707468497e-05
LIC,goal13,goal10,9,2.024952979279973e-06
LIC,goal13,goal10,10,-1.3539252305616863e-06
LIC,goal16,goal10,0,0.0
LIC,goal16,goal10,1,-0.391081463908851
LIC,goal16,goal10,2,-0.03422628972318329
LIC,goal16,goal10,3,0.030755340143050734
LIC,goal16,goal10,4,0.0022825170094642826
LIC,goal16,goal10,5,-1.777792225453742e-05
LIC,goal16,goal10,6,-8.168719681512436e-05
LIC,goal16,goal10,7,8.163940909183828e-05
LIC,goal16,goal10,8,1.3846134039048538e-05
LIC,goal16,goal10,9,7.177590641380617e-06
LIC,goal16,goal10,10,-7.256327213396552e-08
LIC,goal1,goal13,0,-0.020164123544290116
LIC,goal1,goal13,1,-0.009409373525579074
LIC,goal1,goal13,2,-0.003908212798886346
LIC,goal1,goal13,3,-0.0018471565689267505
LIC,goal1,goal13,4,-0.0002743769232593271
LIC,goal1,goal13,5,-0.00013947532642924026
LIC,goal1,goal13,6,-2.4818475808032594e-05
LIC,goal1,goal13,7,-1.6234404925586934e-05
LIC,goal1,goal13,8,-2.2793157951732277e-06
LIC,goal1,goal13,9,-1.5180473177576124e-06
LIC,goal1,goal13,10,-1.897046203851699e-07
LIC,goal3,goal13,0,-0.00011553654652141702
LIC,goal3,goal13,1,-0.002747504728424037
LIC,goal3,goal13,2,0.0029489101159482726
LIC,goal3,goal13,3,-0.0017064961555085158
LIC,goal3,goal13,4,0.0003432158188219585
LIC,goal3,goal13,5,-0.00016765778188585046
LIC,goal3,goal13,6,4.853622635159613e-05
LIC,goal3,goal13,7,-1.9039377394366366e-05
LIC,goal3,goal13,8,4.822216703404225e-06
LIC,goal3,goal13,9,-1.9813670967909935e-06
LIC,goal3,goal13,10,5.281114534903726e-07
LIC,goal4,goal13,0,0.014327706187180763
LIC,goal4,goal13,1,-0.010184432904507901
LIC,goal4,goal13,2,9.8646443664464e-05
LIC,goal4,goal13,3,0.0001051924154542764
LIC,goal4,goal13,4,-0.00014642761754605013
LIC,goal4,goal13,5,-8.72002859513761e-06
LIC,goal4,goal13,6,-1.5349621570488816e-05
LIC,goal4,goal13,7,2.0260629380171884e-06
LIC,goal4,goal13,8,-1.767762073366896e-06
LIC,goal4,goal13,9,2.0487115676475872e-07
LIC,goal4,goal13,10,-1.9480324974952625e-07
LIC,goal7,goal13,0,0.0025547699570026045
LIC,goal7,goal13,1,0.007754755375718843
LIC,goal7,goal13,2,-0.0019050207740038147
LIC,goal7,goal13,3,0.0006598389983387456
LIC,goal7,goal13,4,-0.0002474896940364299
LIC,goal7,goal13,5,9.617419306212358e-05
LIC,goal7,goal13,6,-3.249109403351999e-05
LIC,goal7,goal13,7,1.1594309850938653e-05
LIC,goal7,goal13,8,-3.7140338994751476e-06
LIC,goal7,goal13,9,1.2278297904148295e-06
LIC,goal7,goal13,10,-3.8463523062348554e-07
LIC,goal8,goal13,0,0.011576658374270087
LIC,goal8,goal13,1,-0.0010230894079316139
LIC,goal8,goal13,2,0.0023897815430635443
LIC,goal8,goal13,3,-0.0006623853697306479
LIC,goal8,goal13,4,0.00041414256251548774
LIC,goal8,goal13,5,-0.00013397190925641092
LIC,goal8,goal13,6,5.7592886014009265e-05
LIC,goal8,goal13,7,-1.591441360069763e-05
LIC,goal8,goal13,8,6.1167922622107745e-06
LIC,goal8,goal13,9,-1.7129300295561137e-06
LIC,goal8,goal13,10,6.395488669256983e-07
LIC,goal10,goal13,0,0.012859851836255912
LIC,goal10,goal13,1,0.0043468727245016756
LIC,goal10,goal13,2,-0.002517940570877776
LIC,goal10,goal13,3,0.00031841688583145563
LIC,goal10,goal13,4,0.00011602304107137617
LIC,goal10,goal13,5,2.8139512355004346e-05
LIC,goal10,goal13,6,-3.2829994309474068e-06
LIC,goal10,goal13,7,2.3551611013474116e-06
LIC,goal10,goal13,8,1.865754148700856e-08
LIC,goal10,goal13,9,3.2404866671263415e-07
LIC,goal10,goal13,10,-1.0297237960625608e-08
LIC,goal13,goal13,0,0.13456187988926469
LIC,goal13,goal13,1,-0.02166986399430134
LIC,goal13,goal13,2,0.005821246344518557
LIC,goal13,goal13,3,-0.0016027918475591105
LIC,goal13,goal13,4,0.0005061639207632021
LIC,goal13,goal13,5,-0.00011909749809143324
LIC,goal13,goal13,6,3.9702446855230085e-05
LIC,goal13,goal13,7,-1.0128065749796382e-05
LIC,goal13,goal13,8,3.494427334295137e-06
LIC,goal13,goal13,9,-9.225207757596516e-07
LIC,goal13,goal13,10,3.4249877994512865e-07
LIC,goal16,goal13,0,0.0
LIC,goal16,goal13,1,-0.014114981979987519
LIC,goal16,goal13,2,0.001989231581810707
LIC,goal16,goal13,3,-0.0009282832577087882
LIC,goal16,goal13,4,0.0002858748313077448
LIC,goal16,goal13,5,-0.0001426718566863791
LIC,goal16,goal13,6,2.4154156310175035e-05
LIC,goal16,goal13,7,-1.2143056504374786e-05
LIC,goal16,goal13,8,2.787587615576205e-06
LIC,goal16,goal13,9,-1.2802723789880555e-06
LIC,goal16,goal13,10,2.7226628999463334e-07
LIC,goal1,goal16,0,-0.11668000821479878
LIC,goal1,goal16,1,0.05665189421660036
LIC,goal1,goal16,2,0.05638310849388271
LIC,goal1,goal16,3,0.008373625974597029
LIC,goal1,goal16,4,0.0021383984604485544
LIC,goal1,goal16,5,3.474778823009795e-05
LIC,goal1,goal16,6,0.0003129914651163774
LIC,goal1,goal16,7,4.6977092930286975e-05
LIC,goal1,goal16,8,2.7654059177328067e-05
LIC,goal1,goal16,9,2.28829886495707e-06
LIC,goal1,goal16,10,2.5886726870823384e-06
LIC,goal3,goal16,0,0.1319427010981738
LIC,goal3,goal16,1,-0.24666879333475503
LIC,goal3,goal16,2,0.04800071565139109
LIC,goal3,goal16,3,-0.004703318973504514
LIC,goal3,goal16,4,0.004338609231353596
LIC,goal3,goal16,5,-0.001282830635019868
LIC,goal3,goal16,6,0.00034412995285877315
LIC,goal3,goal16,7,-9.339385250794732e-05
LIC,goal3,goal16,8,4.128686072410911e-05
LIC,goal3,goal16,9,-1.0531196788753547e-05
LIC,goal3,goal16,10,3.761199428261559e-06
LIC,goal4,goal16,0,0.04286830035753612
LIC,goal4,goal16,1,0.02800512811627438
LIC,goal4,goal16,2,-0.024186270855757894
LIC,goal4,goal16,3,0.000956109565402532
LIC,goal4,goal16,4,0.0001718603297380778
LIC,goal4,goal16,5,0.0006408823946506163
LIC,goal4,goal16,6,-9.759168054559914e-05
LIC,goal4,goal16,7,2.8508080616306195e-05
LIC,goal4,goal16,8,-5.338735648817263e-06
LIC,goal4,goal16,9,4.1986589643387996e-06
LIC,goal4,goal16,10,-5.324702545122381e-07
LIC,goal7,goal16,0,0.0065666230159936115
LIC,goal7,goal16,1,-0.0006149650430473418
LIC,goal7,goal16,2,-0.022005704191600552
LIC,goal7,goal16,3,0.010903325872864125
LIC,goal7,goal16,4,-0.003018059264500228
LIC,goal7,goal16,5,0.0008136844331869313
LIC,goal7,goal16,6,-0.00025556425221951487
LIC,goal7,goal16,7,7.497640217234666e-05
LIC,goal7,goal16,8,-2.3727722996162686e-05
LIC,goal7,goal16,9,7.620419446293729e-06
LIC,goal7,goal16,10,-2.5277244497318424e-06
LIC,goal8,goal16,0,0.10512318744321485
LIC,goal8,goal16,1,-0.16017629316244922
LIC,goal8,goal16,2,0.051184241264118684
LIC,goal8,goal16,3,-0.016583459539626484
LIC,goal8,goal16,4,0.0043921904766725086
LIC,goal8,goal16,5,-0.0012860007211105866
LIC,goal8,goal16,6,0.000322170693608124
LIC,goal8,goal16,7,-0.0001234071000972586
LIC,goal8,goal16,8,3.558730979536034e-05
LIC,goal8,goal16,9,-1.2591621147512869e-05
LIC,goal8,goal16,10,3.5592230672317233e-06
LIC,goal10,goal16,0,0.05002749736363725
LIC,goal10,goal16,1,0.05818017458919786
LIC,goal10,goal16,2,0.02916055479787855
LIC,goal10,goal16,3,-0.003722658309690584
LIC,goal10,goal16,4,-0.0027620968978050633
LIC,goal10,goal16,5,0.00017022961058494202
LIC,goal10,goal16,6,3.443751156688982e-05
LIC,goal10,goal16,7,3.958307580626876e-06
LIC,goal10,goal16,8,-8.244363535453408e-06
LIC,goal10,goal16,9,-3.269640101743242e-07
LIC,goal10,goal16,10,-3.947787063364476e-07
LIC,goal13,goal16,0,-0.12480401153150711
LIC,goal13,goal16,1,-0.06838211117941455
LIC,goal13,goal16,2,0.02453653833556892
LIC,goal13,goal16,3,-0.0027521202489389587
LIC,goal13,goal16,4,0.0003534412054081013
LIC,goal13,goal16,5,-0.00045286242048916855
LIC,goal13,goal16,6,0.0001417102455273355
LIC,goal13,goal16,7,-5.3531124453257615e-05
LIC,goal13,goal16,8,1.618450774406897e-05
LIC,goal13,goal16,9,-6.2726273791749184e-06
LIC,goal13,goal16,10,1.6798527071649405e-06
LIC,goal16,goal16,0,1.0840439199882734
LIC,goal16,goal16,1,-0.023441302981453235
LIC,goal16,goal16,2,0.01203148072357713
LIC,goal16,goal16,3,-0.01006171470427267
LIC,goal16,goal16,4,0.002289775143611438
LIC,goal16,goal16,5,-0.00012718680047659714
LIC,goal16,goal16,6,0.0002469370698744339
LIC,goal16,goal16,7,-6.770733342410904e-05
LIC,goal16,goal16,8,2.2536735257851337e-05
LIC,goal16,goal16,9,-5.052736112128639e-06
LIC,goal16,goal16,10,2.5541033140029496e-06
LMIC,goal1,goal1,0,3.6625019299277692
LMIC,goal1,goal1,1,-0.20136240949067824
LMIC,goal1,goal1,2,-0.041750277098888164
LMIC,goal1,goal1,3,0.04603156744149268
LMIC,goal1,goal1,4,-0.01576185545491454
LMIC,goal1,goal1,5,0.00037189665300116625
LMIC,goal1,goal1,6,0.001453515393296341
LMIC,goal1,goal1,7,-0.0005004961881528449
LMIC,goal1,goal1,8,4.3917266579092324e-05
LMIC,goal1,goal1,9,2.5007723629047142e-05
LMIC,goal1,goal1,10,-1.081619955538531e-05
LMIC,goal3,goal1,0,0.0
LMIC,goal3,goal1,1,-0.1055268531611303
LMIC,goal3,goal1,2,0.18710983486793095
LMIC,goal3,goal1,3,-0.0049734500075585
LMIC,goal3,goal1,4,-0.016665066581351803
LMIC,goal3,goal1,5,0.004890853805767073
LMIC,goal3,goal1,6,-0.00014627459902410986
LMIC,goal3,goal1,7,-0.0003484758694291821
LMIC,goal3,goal1,8,0.00012934283970144838
LMIC,goal3,goal1,9,-1.3446603017379909e-05
LMIC,goal3,goal1,10,-6.503793354947957e-06
LMIC,goal4,goal1,0,0.0
LMIC,goal4,goal1,1,-0.15808869121716743
LMIC,goal4,goal1,2,-0.11069035984679808
LMIC,goal4,goal1,3,0.06389463663136213
LMIC,goal4,goal1,4,-0.007306456595691198
LMIC,goal4,goal1,5,-0.0029957319090860583
LMIC,goal4,goal1,6,0.0014867053842050105
LMIC,goal4,goal1,7,-0.0002562013748434018
LMIC,goal4,goal1,8,-3.2748934002610515e-05
LMIC,goal4,goal1,9,3.0118583517784525e-05
LMIC,goal4,goal1,10,-6.061820538070848e-06
LMIC,goal7,goal1,0,0.0
LMIC,goal7,goal1,1,0.22027827297015232
LMIC,goal7,goal1,2,-0.14099525035689045
LMIC,goal7,goal1,3,0.03545988867804601
LMIC,goal7,goal1,4,0.003236743219268819
LMIC,goal7,goal1,5,-0.0038773739659667228
LMIC,goal7,goal1,6,0.0008357556995503577
LMIC,goal7,goal1,7,0.00011668177615209477
LMIC,goal7,goal1,8,-0.00013597004556908728
LMIC,goal7,goal1,9,4.661995015377734e-05
LMIC,goal7,goal1,10,-8.799298188931095e-06
LMIC,goal8,goal1,0,0.0
LMIC,goal8,goal1,1,0.04262338727629542
LMIC,goal8,goal1,2,-0.022022993212554673
LMIC,goal8,goal1,3,0.005147233372264036
LMIC,goal8,goal1,4,-0.0019434066948369722
LMIC,goal8,goal1,5,-0.00019614077111977042
LMIC,goal8,goal1,6,0.0004445434426539438
LMIC,goal8,goal1,7,-0.00017739260832052583
LMIC,goal8,goal1,8,3.777369135748418e-05
LMIC,goal8,goal1,9,-5.198479880138983e-06
LMIC,goal8,goal1,10,1.8233835976651687e-06
LMIC,goal10,goal1,0,0.0
LMIC,goal10,goal1,1,-0.15132786747423643
LMIC,goal10,goal1,2,0.02524565229682042
LMIC,goal10,goal1,3,-0.013000707815484349
LMIC,goal10,goal1,4,-0.00975422239769481
LMIC,goal10,goal1,5,0.003940364247500238
LMIC,goal10,goal1,6,-0.0003683266315803023
LMIC,goal10,goal1,7,-0.0002192375149994756
LMIC,goal10,goal1,8,0.00010317662093981246
LMIC,goal10,goal1,9,-1.6640396972233e-05
LMIC,goal10,goal1,10,-3.0143711289100215e-06
LMIC,goal13,goal1,0,0.0
LMIC,goal13,goal1,1,0.4050859270503476
LMIC,goal13,goal1,2,-0.11867283710018516
LMIC,goal13,goal1,3,-0.032233394972295756
LMIC,goal13,goal1,4,0.009910669914840494
LMIC,goal13,goal1,5,-0.0016869833200045092
LMIC,goal13,goal1,6,-0.00013057906365030472
LMIC,goal13,goal1,7,0.00018896180848205707
LMIC,goal13,goal1,8,-5.0521579415124596e-05
LMIC,goal13,goal1,9,-2.180161501424037e-06
LMIC,goal13,goal1,10,5.769635127316782e-06
LMIC,goal16,goal1,0,0.0
LMIC,goal16,goal1,1,0.18286851303689602
LMIC,goal16,goal1,2,-0.008862679613837498
LMIC,goal16,goal1,3,0.03833068263448133
LMIC,goal16,goal1,4,-0.004269444315317927
LMIC,goal16,goal1,5,-0.0009280028721062947
LMIC,goal16,goal1,6,0.0006778755113496323
LMIC,goal16,goal1,7,-0.00019784495655985297
LMIC,goal16,goal1,8,2.9527981835819705e-05
LMIC,goal16,goal1,9,6.263734923666494e-07
LMIC,goal16,goal1,10,2.0672565970752546e-07
LMIC,goal1,goal3,0,0.04019708015973335
LMIC,goal1,goal3,1,-0.05789835593920148
LMIC,goal1,goal3,2,-0.024801138592582
LMIC,goal1,goal3,3,-0.0005870806780247667
LMIC,goal1,goal3,4,0.0027286520295196114
LMIC,goal1,goal3,5,-0.0003825667561517342
LMIC,goal1,goal3,6,-0.00013352734847933714
LMIC,goal1,goal3,7,7.862361638156155e-05
LMIC,goal1,goal3,8,-1.9396510742991162e-05
LMIC,goal1,goal3,9,1.6178017065975403e-06
LMIC,goal1,goal3,10,3.7714381073384055e-07
LMIC,goal3,goal3,0,0.9164043271849277
LMIC,goal3,goal3,1,-0.023132044337336694
LMIC,goal3,goal3,2,-0.046308006403934746
LMIC,goal3,goal3,3,0.0037596642473573497
LMIC,goal3,goal3,4,0.0016073055486559382
LMIC,goal3,goal3,5,-0.0006364649635133465
LMIC,goal3,goal3,6,0.00011237837065424849
LMIC,goal3,goal3,7,1.7498238888102714e-05
LMIC,goal3,goal3,8,-1.724387048187167e-05
LMIC,goal3,goal3,9,4.29372860396375e-06
LMIC,goal3,goal3,10,7.432269608685285e-09
LMIC,goal4,goal3,0,0.0
LMIC,goal4,goal3,1,0.16046850302485655
LMIC,goal4,goal3,2,0.006927541819104308
LMIC,goal4,goal3,3,-0.009962805045524825
LMIC,goal4,goal3,4,0.0014769334551407124
LMIC,goal4,goal3,5,0.00015510674068839356
LMIC,goal4,goal3,6,-0.00018079572259762267
LMIC,goal4,goal3,7,6.26158144082955e-05
LMIC,goal4,goal3,8,-9.162701583271972e-06
LMIC,goal4,goal3,9,-7.246818858617541e-07
LMIC,goal4,goal3,10,2.5275489179939745e-07
LMIC,goal7,goal3,0,0.0
LMIC,goal7,goal3,1,0.03377300768802708
LMIC,goal7,goal3,2,0.020135028905933435
LMIC,goal7,goal3,3,-0.008765680822845462
LMIC,goal7,goal3,4,0.001236846129534015
LMIC,goal7,goal3,5,3.439405426385319e-05
LMIC,goal7,goal3,6,-9.745517824562215e-06
LMIC,goal7,goal3,7,-4.402767039837981e-05
LMIC,goal7,goal3,8,3.553479753613475e-05
LMIC,goal7,goal3,9,-1.656277755026564e-05
LMIC,goal7,goal3,10,6.07294035544743e-06
LMIC,goal8,goal3,0,0.0
LMIC,goal8,goal3,1,-0.051637575824949114
LMIC,goal8,goal3,2,-0.002911093434581619
LMIC,goal8,goal3,3,0.002125787415020165
LMIC,goal8,goal3,4,-8.645303270631017e-05
LMIC,goal8,goal3,5,0.00012981150588251987
LMIC,goal8,goal3,6,-0.0001252125426384133
LMIC,goal8,goal3,7,5.9781250139853535e-05
LMIC,goal8,goal3,8,-2.2443696906731476e-05
LMIC,goal8,goal3,9,8.047414066628486e-06
LMIC,goal8,goal3,10,-3.153121891979195e-06
LMIC,goal10,goal3,0,0.0
LMIC,goal10,goal3,1,-0.1263547404862131
LMIC,goal10,goal3,2,-0.014513439482021363
LMIC,goal10,goal3,3,0.00583915684343881
LMIC,goal10,goal3,4,0.0007988046354773063
LMIC,goal10,goal3,5,-0.0005151680775669243
LMIC,goal10,goal3,6,9.624592526500459e-05
LMIC,goal10,goal3,7,8.177023740068157e-06
LMIC,goal10,goal3,8,-1.2628988661996951e-05
LMIC,goal10,goal3,9,4.082407055725416e-06
LMIC,goal10,goal3,10,-4.2395501275848397e-07
LMIC,goal13,goal3,0,0.0
LMIC,goal13,goal3,1,-0.20496688728687446
LMIC,goal13,goal3,2,0.0021196889073244506
LMIC,goal13,goal3,3,0.0044466781716933955
LMIC,goal13,goal3,4,-0.0006461008376790157
LMIC,goal13,goal3,5,0.00034090885582066017
LMIC,goal13,goal3,6,-7.722468542533835e-05
LMIC,goal13,goal3,7,-6.150610333717806e-06
LMIC,goal13,goal3,8,4.476358414502966e-06
LMIC,goal13,goal3,9,6.988408896602692e-07
LMIC,goal13,goal3,10,-1.1724503772818363e-06
LMIC,goal16,goal3,0,0.0
LMIC,goal16,goal3,1,0.12219364368588488
LMIC,goal16,goal3,2,0.008852294986253778
LMIC,goal16,goal3,3,-0.005512114946896887
LMIC,goal16,goal3,4,7.077323590943707e-05
LMIC,goal16,goal3,5,0.00019087242533708
LMIC,goal16,goal3,6,-0.00012398164858356018
LMIC,goal16,goal3,7,6.073364579611212e-05
LMIC,goal16,goal3,8,-2.0901981861843046e-05
LMIC,goal16,goal3,9,6.517184379696195e-06
LMIC,goal16,goal3,10,-2.505363425383613e-06
LMIC,goal1,goal4,0,0.2793906645575058
LMIC,goal1,goal4,1,-0.6239508915699211
LMIC,goal1,goal4,2,0.033896008299169625
LMIC,goal1,goal4,3,0.027054769577874158
LMIC,goal1,goal4,4,-0.006076401403034352
LMIC,goal1,goal4,5,-0.0017842172562985165
LMIC,goal1,goal4,6,0.0016908372958526084
LMIC,goal1,goal4,7,-0.0006797006610660339
LMIC,goal1,goal4,8,0.0001932641434387711
LMIC,goal1,goal4,9,-5.4240470359178434e-05
LMIC,goal1,goal4,10,2.2278451070862684e-05
LMIC,goal3,goal4,0,-0.24656207648743883
LMIC,goal3,goal4,1,-0.5553734490297034
LMIC,goal3,goal4,2,0.09783158242000137
LMIC,goal3,goal4,3,0.00030756116469221557
LMIC,goal3,goal4,4,-0.008238303908436826
LMIC,goal3,goal4,5,0.0027753413270484987
LMIC,goal3,goal4,6,-0.00011632607490663733
LMIC,goal3,goal4,7,-0.00023843731578104908
LMIC,goal3,goal4,8,9.89653615276847e-05
LMIC,goal3,goal4,9,-1.7323629264894752e-05
LMIC,goal3,goal4,10,-3.567331867859171e-07
LMIC,goal4,goal4,0,2.271184937580358
LMIC,goal4,goal4,1,-0.08511123450046248
LMIC,goal4,goal4,2,-0.0745930117771463
LMIC,goal4,goal4,3,0.022385304430159157
LMIC,goal4,goal4,4,0.00017651076571969458
LMIC,goal4,goal4,5,-0.0033399383683102696
LMIC,goal4,goal4,6,0.00172033049488368
LMIC,goal4,goal4,7,-0.0005300088624067935
LMIC,goal4,goal4,8,0.0001360606573845204
LMIC,goal4,goal4,9,-4.648670007804306e-05
LMIC,goal4,goal4,10,2.358582618654775e-05
LMIC,goal7,goal4,0,0.0
LMIC,goal7,goal4,1,0.41377804752954894
LMIC,goal7,goal4,2,-0.2368744894385806
LMIC,goal7,goal4,3,0.07544162653202088
LMIC,goal7,goal4,4,-0.021593939822166723
LMIC,goal7,goal4,5,0.007494897687236017
LMIC,goal7,goal4,6,-0.003598323027128695
LMIC,goal7,goal4,7,0.0018208329680144133
LMIC,goal7,goal4,8,-0.0008365181329494441
LMIC,goal7,goal4,9,0.0003521357537047994
LMIC,goal7,goal4,10,-0.0001437851308345658
LMIC,goal8,goal4,0,0.0
LMIC,goal8,goal4,1,-0.26227613158074825
LMIC,goal8,goal4,2,0.09712092392000832
LMIC,goal8,goal4,3,-0.029184451243577828
LMIC,goal8,goal4,4,0.01307487673286441
LMIC,goal8,goal4,5,-0.006520053748970113
LMIC,goal8,goal4,6,0.00300697149434439
LMIC,goal8,goal4,7,-0.0012814888606638237
LMIC,goal8,goal4,8,0.0005263335484661664
LMIC,goal8,goal4,9,-0.00021782886908831446
LMIC,goal8,goal4,10,9.257070285646493e-05
LMIC,goal10,goal4,0,0.0
LMIC,goal10,goal4,1,-0.11029735968806328
LMIC,goal10,goal4,2,0.11594373889182465
LMIC,goal10,goal4,3,-0.00273857410512124
LMIC,goal10,goal4,4,-0.004333411004825766
LMIC,goal10,goal4,5,0.0018590485745899937
LMIC,goal10,goal4,6,-8.567665050729888e-05
LMIC,goal10,goal4,7,-0.00019753265415947796
LMIC,goal10,goal4,8,0.00010052261849975065
LMIC,goal10,goal4,9,-2.724662324042285e-05
LMIC,goal10,goal4,10,5.286596902968521e-06
LMIC,goal13,goal4,0,0.0
LMIC,goal13,goal4,1,0.20118957093725734
LMIC,goal13,goal4,2,0.02959541439302738
LMIC,goal13,goal4,3,-0.009077784756309337
LMIC,goal13,goal4,4,0.00971398001053534
LMIC,goal13,goal4,5,-0.0029926150745941756
LMIC,goal13,goal4,6,0.0006495103156858402
LMIC,goal13,goal4,7,-0.00017507286503067634
LMIC,goal13,goal4,8,9.448877157631115e-05
LMIC,goal13,goal4,9,-5.424887207173253e-05
LMIC,goal13,goal4,10,2.6242890555866163e-05
LMIC,goal16,goal4,0,0.0
LMIC,goal16,goal4,1,-0.2562174701048966
LMIC,goal16,goal4,2,0.002734123114817451
LMIC,goal16,goal4,3,-0.02354836862321838
LMIC,goal16,goal4,4,0.010173439968393129
LMIC,goal16,goal4,5,-0.0058187021407413095
LMIC,goal16,goal4,6,0.0027598769187459522
LMIC,goal16,goal4,7,-0.0011474026400161712
LMIC,goal16,goal4,8,0.000454123282804063
LMIC,goal16,goal4,9,-0.00018567493643264555
LMIC,goal16,goal4,10,7.94203803952099e-05
LMIC,goal1,goal7,0,0.012688075486030124
LMIC,goal1,goal7,1,-0.024055056667898728
LMIC,goal1,goal7,2,0.0009156778793923179
LMIC,goal1,goal7,3,0.00970153072007047
LMIC,goal1,goal7,4,-0.007271004970190452
LMIC,goal1,goal7,5,0.0034595531000187842
LMIC,goal1,goal7,6,-0.0012877581272456255
LMIC,goal1,goal7,7,0.0004386941568307487
LMIC,goal1,goal7,8,-0.00016605393227314124
LMIC,goal1,goal7,9,7.354215143318534e-05
LMIC,goal1,goal7,10,-3.408032030516694e-05
LMIC,goal3,goal7,0,-0.03356822100203694
LMIC,goal3,goal7,1,-0.03603406303913992
LMIC,goal3,goal7,2,0.015690342344808636
LMIC,goal3,goal7,3,-0.007791428430875578
LMIC,goal3,goal7,4,0.0014956702448103592
LMIC,goal3,goal7,5,0.00046955653714023977
LMIC,goal3,goal7,6,-0.00038499677840246154
LMIC,goal3,goal7,7,0.00012167520811623084
LMIC,goal3,goal7,8,-2.223037916401113e-05
LMIC,goal3,goal7,9,3.2683236558301106e-06
LMIC,goal3,goal7,10,-1.838083161966991e-06
LMIC,goal4,goal7,0,0.15382266331144076
LMIC,goal4,goal7,1,-0.08465430187959914
LMIC,goal4,goal7,2,0.005799447289776083
LMIC,goal4,goal7,3,0.010437280172852057
LMIC,goal4,goal7,4,-0.007689878510957143
LMIC,goal4,goal7,5,0.0032371245550301348
LMIC,goal4,goal7,6,-0.0010877857323766094
LMIC,goal4,goal7,7,0.0003783707406948611
LMIC,goal4,goal7,8,-0.00015824718429703453
LMIC,goal4,goal7,9,7.348290242850017e-05
LMIC,goal4,goal7,10,-3.3567115486149614e-05
LMIC,goal7,goal7,0,1.3144722722786644
LMIC,goal7,goal7,1,-0.417520889826066
LMIC,goal7,goal7,2,0.14454784597004405
LMIC,goal7,goal7,3,-0.05580543946425711
LMIC,goal7,goal7,4,0.024070280387166552
LMIC,goal7,goal7,5,-0.011097265433646324
LMIC,goal7,goal7,6,0.005036841248210384
LMIC,goal7,goal7,7,-0.0021838023985227633
LMIC,goal7,goal7,8,0.000918370931110821
LMIC,goal7,goal7,9,-0.0003847363300149772
LMIC,goal7,goal7,10,0.0001630366489389806
LMIC,goal8,goal7,0,0.0
LMIC,goal8,goal7,1,0.1504024730053438
LMIC,goal8,goal7,2,-0.08925105488582252
LMIC,goal8,goal7,3,0.04271363851871473
LMIC,goal8,goal7,4,-0.01874957381979368
LMIC,goal8,goal7,5,0.007971008355229412
LMIC,goal8,goal7,6,-0.003342734506443257
LMIC,goal8,goal7,7,0.0014001796811599074
LMIC,goal8,goal7,8,-0.0005925312966649527
LMIC,goal8,goal7,9,0.0002535260574083341
LMIC,goal8,goal7,10,-0.00010890013924623183
LMIC,goal10,goal7,0,0.0
LMIC,goal10,goal7,1,-0.07276560855261018
LMIC,goal10,goal7,2,0.03007301323451326
LMIC,goal10,goal7,3,-0.005914405234029941
LMIC,goal10,goal7,4,0.00046381420882014927
LMIC,goal10,goal7,5,0.0006365218625257452
LMIC,goal10,goal7,6,-0.0004378254769997572
LMIC,goal10,goal7,7,0.00016753589538959928
LMIC,goal10,goal7,8,-4.950545420233272e-05
LMIC,goal10,goal7,9,1.5373015748653615e-05
LMIC,goal10,goal7,10,-6.471614679962355e-06
LMIC,goal13,goal7,0,0.0
LMIC,goal13,goal7,1,0.07184264427560871
LMIC,goal13,goal7,2,-0.04073146889767084
LMIC,goal13,goal7,3,0.01909200265538578
LMIC,goal13,goal7,4,-0.005545545232700954
LMIC,goal13,goal7,5,0.0016506721196059648
LMIC,goal13,goal7,6,-0.0006670499389503096
LMIC,goal13,goal7,7,0.000322081885428943
LMIC,goal13,goal7,8,-0.00015261147491099143
LMIC,goal13,goal7,9,6.729417870999859e-05
LMIC,goal13,goal7,10,-2.8168869003072767e-05
LMIC,goal16,goal7,0,0.0
LMIC,goal16,goal7,1,0.003465930143948152
LMIC,goal16,goal7,2,-0.050002780341605685
LMIC,goal16,goal7,3,0.03147448855162472
LMIC,goal16,goal7,4,-0.016292768954676976
LMIC,goal16,goal7,5,0.007165023771338343
LMIC,goal16,goal7,6,-0.002946916946483447
LMIC,goal16,goal7,7,0.001211350883712859
LMIC,goal16,goal7,8,-0.0005104403581571951
LMIC,goal16,goal7,9,0.00021911545032649246
LMIC,goal16,goal7,10,-9.447672675627871e-05
LMIC,goal1,goal8,0,-0.0681684932723085
LMIC,goal1,goal8,1,0.08838065998842723
LMIC,goal1,goal8,2,0.0001692707153280836
LMIC,goal1,goal8,3,-0.009891319083087427
LMIC,goal1,goal8,4,0.006203209079782719
LMIC,goal1,goal8,5,-0.0016616585704771517
LMIC,goal1,goal8,6,0.00011980405110225235
LMIC,goal1,goal8,7,1.0223149187537544e-05
LMIC,goal1,goal8,8,3.0104510153829173e-05
LMIC,goal1,goal8,9,-2.8708428956740036e-05
LMIC,goal1,goal8,10,1.4481623775119865e-05
LMIC,goal3,goal8,0,0.07034666403194913
LMIC,goal3,goal8,1,-0.13176306086054682
LMIC,goal3,goal8,2,-0.033086616054487324
LMIC,goal3,goal8,3,0.011130184345118387
LMIC,goal3,goal8,4,0.0025254264449695897
LMIC,goal3,goal8,5,-0.0017111425801911173
LMIC,goal3,goal8,6,0.0002987616804412889
LMIC,goal3,goal8,7,3.497513702871932e-05
LMIC,goal3,goal8,8,-3.233006863778169e-05
LMIC,goal3,goal8,9,5.872475772842754e-06
LMIC,goal3,goal8,10,1.6754226882267446e-06
LMIC,goal4,goal8,0,-0.1882959678729448
LMIC,goal4,goal8,1,-0.00755809685407833
LMIC,goal4,goal8,2,0.021518371020142923
LMIC,goal4,goal8,3,-0.021916919700704245
LMIC,goal4,goal8,4,0.0063571069537204815
LMIC,goal4,goal8,5,-0.0005757389347171324
LMIC,goal4,goal8,6,-8.499857842460596e-05
LMIC,goal4,goal8,7,-1.9954531323445123e-05
LMIC,goal4,goal8,8,5.186518373979756e-05
LMIC,goal4,goal8,9,-3.2146158808365425e-05
LMIC,goal4,goal8,10,1.3404820675668648e-05
LMIC,goal7,goal8,0,0.04350190021688217
LMIC,goal7,goal8,1,0.08495032759653602
LMIC,goal7,goal8,2,-0.029729932318925234
LMIC,goal7,goal8,3,0.009718262502775677
LMIC,goal7,goal8,4,-0.007940665809225032
LMIC,goal7,goal8,5,0.0046330996591231206
LMIC,goal7,goal8,6,-0.0019599937982472657
LMIC,goal7,goal8,7,0.0007168923648702496
LMIC,goal7,goal8,8,-0.000268322798500909
LMIC,goal7,goal8,9,0.0001122427291841368
LMIC,goal7,goal8,10,-5.040412712487236e-05
LMIC,goal8,goal8,0,0.9660721615691108
LMIC,goal8,goal8,1,-0.16294209379090943
LMIC,goal8,goal8,2,0.04384270419696242
LMIC,goal8,goal8,3,-0.013850219581115736
LMIC,goal8,goal8,4,0.005974155641046941
LMIC,goal8,goal8,5,-0.0025351291888606776
LMIC,goal8,goal8,6,0.0009937115626211083
LMIC,goal8,goal8,7,-0.00041018511840985015
LMIC,goal8,goal8,8,0.00018219704848357443
LMIC,goal8,goal8,9,-8.147513834713738e-05
LMIC,goal8,goal8,10,3.539119426178356e-05
LMIC,goal10,goal8,0,0.0
LMIC,goal10,goal8,1,-0.03403484536376265
LMIC,goal10,goal8,2,0.03183984245559754
LMIC,goal10,goal8,3,0.002476720705261672
LMIC,goal10,goal8,4,0.0014046615220877482
LMIC,goal10,goal8,5,-0.0012465063242703275
LMIC,goal10,goal8,6,0.000322963343666949
LMIC,goal10,goal8,7,-1.2379615436655725e-05
LMIC,goal10,goal8,8,-1.3843316164623392e-05
LMIC,goal10,goal8,9,1.749974419417483e-06
LMIC,goal10,goal8,10,2.338023704587817e-06
LMIC,goal13,goal8,0,0.0
LMIC,goal13,goal8,1,-0.002347620122619051
LMIC,goal13,goal8,2,0.0612989833715827
LMIC,goal13,goal8,3,0.0006992895418867045
LMIC,goal13,goal8,4,-0.0018227341363016203
LMIC,goal13,goal8,5,0.00013274170286868645
LMIC,goal13,goal8,6,0.00021647904341740725
LMIC,goal13,goal8,7,-0.0001543178464432151
LMIC,goal13,goal8,8,6.790975816072839e-05
LMIC,goal13,goal8,9,-2.3313784910717614e-05
LMIC,goal13,goal8,10,7.914364645533446e-06
LMIC,goal16,goal8,0,0.0
LMIC,goal16,goal8,1,-0.2964914328084594
LMIC,goal16,goal8,2,0.04289339014648683
LMIC,goal16,goal8,3,-0.02444015452813171
LMIC,goal16,goal8,4,0.0075641802794074705
LMIC,goal16,goal8,5,-0.002154612880134691
LMIC,goal16,goal8,6,0.0007498694244894812
LMIC,goal16,goal8,7,-0.0003310682870321829
LMIC,goal16,goal8,8,0.00015579723466032315
LMIC,goal16,goal8,9,-7.169058188992219e-05
LMIC,goal16,goal8,10,3.1199683942318176e-05
LMIC,goal1,goal10,0,0.06321310791879031
LMIC,goal1,goal10,1,0.5144118673404241
LMIC,goal1,goal10,2,-0.1357463995782026
LMIC,goal1,goal10,3,0.039676583930033184
LMIC,goal1,goal10,4,-0.009810490518933113
LMIC,goal1,goal10,5,0.001164939021693778
LMIC,goal1,goal10,6,-0.0003286977870103263
LMIC,goal1,goal10,7,0.0003566876506935559
LMIC,goal1,goal10,8,-0.0002318594829113447
LMIC,goal1,goal10,9,0.0001073813522124135
LMIC,goal1,goal10,10,-4.2178168479572234e-05
LMIC,goal3,goal10,0,-0.06673513340269793
LMIC,goal3,goal10,1,-0.09937903971464865
LMIC,goal3,goal10,2,0.030057892832581246
LMIC,goal3,goal10,3,0.022957940890823633
LMIC,goal3,goal10,4,-0.010182112628636922
LMIC,goal3,goal10,5,0.0013235895367865343
LMIC,goal3,goal10,6,0.0002332790587153268
LMIC,goal3,goal10,7,-0.00014535620854648967
LMIC,goal3,goal10,8,1.5097042556813387e-05
LMIC,goal3,goal10,9,1.3987970835804697e-05
LMIC,goal3,goal10,10,-8.804834592024568e-06
LMIC,goal4,goal10,0,0.019241695646256867
LMIC,goal4,goal10,1,-0.009106715382228018
LMIC,goal4,goal10,2,-0.11635735354302883
LMIC,goal4,goal10,3,0.039573592033329226
LMIC,goal4,goal10,4,-0.004839763071349661
LMIC,goal4,goal10,5,0.0005170826293989144
LMIC,goal4,goal10,6,-0.0005817971016228377
LMIC,goal4,goal10,7,0.0004605486538226895
LMIC,goal4,goal10,8,-0.0002396545291147003
LMIC,goal4,goal10,9,9.889776599519448e-05
LMIC,goal4,goal10,10,-3.7359863458530444e-05
LMIC,goal7,goal10,0,-0.5152897727533298
LMIC,goal7,goal10,1,-0.0643367530713757
LMIC,goal7,goal10,2,0.08258973209620957
LMIC,goal7,goal10,3,-0.06825618114300866
LMIC,goal7,goal10,4,0.03614056152447139
LMIC,goal7,goal10,5,-0.014914654583801557
LMIC,goal7,goal10,6,0.005658303428226358
LMIC,goal7,goal10,7,-0.002231008398092172
LMIC,goal7,goal10,8,0.0009475203500928239
LMIC,goal7,goal10,9,-0.0004181351329561865
LMIC,goal7,goal10,10,0.00018344272422830796
LMIC,goal8,goal10,0,-0.15144054340248994
LMIC,goal8,goal10,1,0.4775979008866907
LMIC,goal8,goal10,2,-0.16407892052468828
LMIC,goal8,goal10,3,0.05509235004631784
LMIC,goal8,goal10,4,-0.020796737097349294
LMIC,goal8,goal10,5,0.00812143347880911
LMIC,goal8,goal10,6,-0.0034061288197695314
LMIC,goal8,goal10,7,0.001506349458949993
LMIC,goal8,goal10,8,-0.0006641890576875752
LMIC,goal8,goal10,9,0.0002863225375672537
LMIC,goal8,goal10,10,-0.00012154485015532305
LMIC,goal10,goal10,0,3.159138087924678
LMIC,goal10,goal10,1,-0.011590974244964834
LMIC,goal10,goal10,2,0.011791578243554271
LMIC,goal10,goal10,3,0.01750751675083151
LMIC,goal10,goal10,4,-0.009322199175643425
LMIC,goal10,goal10,5,0.0020614399045931777
LMIC,goal10,goal10,6,-0.00010032672233957604
LMIC,goal10,goal10,7,-3.742269466231876e-05
LMIC,goal10,goal10,8,-1.2084920418114663e-05
LMIC,goal10,goal10,9,2.1004015870475745e-05
LMIC,goal10,goal10,10,-1.2002792895124128e-05
LMIC,goal13,goal10,0,0.0
LMIC,goal13,goal10,1,0.6984699729887108
LMIC,goal13,goal10,2,-0.01269750009197078
LMIC,goal13,goal10,3,-0.008263841879542325
LMIC,goal13,goal10,4,-0.001177163734037521
LMIC,goal13,goal10,5,0.0019902437822973485
LMIC,goal13,goal10,6,-0.0011102145591726134
LMIC,goal13,goal10,7,0.00048412245497827107
LMIC,goal13,goal10,8,-0.00017819534521560398
LMIC,goal13,goal10,9,6.632715291710745e-05
LMIC,goal13,goal10,10,-2.7782842261091817e-05
LMIC,goal16,goal10,0,0.0
LMIC,goal16,goal10,1,-0.20838438050179028
LMIC,goal16,goal10,2,-0.15745421668839288
LMIC,goal16,goal10,3,0.06297043210596003
LMIC,goal16,goal10,4,-0.019242998518013834
LMIC,goal16,goal10,5,0.0067666551686279604
LMIC,goal16,goal10,6,-0.0029010395818244547
LMIC,goal16,goal10,7,0.0012997433696193418
LMIC,goal16,goal10,8,-0.0005796925175472214
LMIC,goal16,goal10,9,0.0002503136564239703
LMIC,goal16,goal10,10,-0.00010563286230199055
LMIC,goal1,goal13,0,-0.056072323197891835
LMIC,goal1,goal13,1,-0.02582056196822151
LMIC,goal1,goal13,2,0.013683654928903884
LMIC,goal1,goal13,3,-0.0037799719618684933
LMIC,goal1,goal13,4,-0.0003338356424747204
LMIC,goal1,goal13,5,0.0005513756994773635
LMIC,goal1,goal13,6,-0.0001683919915706649
LMIC,goal1,goal13,7,1.734599544379128e-05
LMIC,goal1,goal13,8,4.081808671281448e-06
LMIC,goal1,goal13,9,-9.589373187645191e-07
LMIC,goal1,goal13,10,-8.091127302220326e-07
LMIC,goal3,goal13,0,-0.03419612432420071
LMIC,goal3,goal13,1,0.04954907937525992
LMIC,goal3,goal13,2,0.0007184723991269066
LMIC,goal3,goal13,3,-0.005465422225083108
LMIC,goal3,goal13,4,0.0013260628325657687
LMIC,goal3,goal13,5,4.855993083194118e-05
LMIC,goal3,goal13,6,-0.00012332383052125254
LMIC,goal3,goal13,7,3.7953431370652314e-05
LMIC,goal3,goal13,8,-2.6040445859421804e-06
LMIC,goal3,goal13,9,-2.1819369500539495e-06
LMIC,goal3,goal13,10,8.454027069539934e-07
LMIC,goal4,goal13,0,-0.00804462389421692
LMIC,goal4,goal13,1,-0.034563651073481604
LMIC,goal4,goal13,2,0.01771582181899932
LMIC,goal4,goal13,3,-0.0010508893520245245
LMIC,goal4,goal13,4,-0.0012725460426346827
LMIC,goal4,goal13,5,0.0005087027998689392
LMIC,goal4,goal13,6,-8.44958029939134e-05
LMIC,goal4,goal13,7,-4.450263562750555e-06
LMIC,goal4,goal13,8,4.565435780105014e-06
LMIC,goal4,goal13,9,6.234178959170943e-07
LMIC,goal4,goal13,10,-1.3371408194967768e-06
LMIC,goal7,goal13,0,0.09772170456656674
LMIC,goal7,goal13,1,-0.0515993040789812
LMIC,goal7,goal13,2,0.012509595564054753
LMIC,goal7,goal13,3,-2.961707409503726e-05
LMIC,goal7,goal13,4,-0.0005020986294054754
LMIC,goal7,goal13,5,-0.00010629579491820783
LMIC,goal7,goal13,6,0.00018871093971009576
LMIC,goal7,goal13,7,-0.00010048574172358405
LMIC,goal7,goal13,8,3.74374879195989e-05
LMIC,goal7,goal13,9,-1.2491913959003656e-05
LMIC,goal7,goal13,10,4.652476513025531e-06
LMIC,goal8,goal13,0,-0.009595535740388144
LMIC,goal8,goal13,1,-0.0020028011405342438
LMIC,goal8,goal13,2,-0.000998327396098449
LMIC,goal8,goal13,3,0.0006950696751010549
LMIC,goal8,goal13,4,-0.0006022250637854217
LMIC,goal8,goal13,5,0.0003511300260227489
LMIC,goal8,goal13,6,-0.00013953378263556484
LMIC,goal8,goal13,7,4.72041401505517e-05
LMIC,goal8,goal13,8,-1.7199799078037753e-05
LMIC,goal8,goal13,9,7.420541344630961e-06
LMIC,goal8,goal13,10,-3.441221300511342e-06
LMIC,goal10,goal13,0,-0.003936886208836462
LMIC,goal10,goal13,1,0.008443722784946265
LMIC,goal10,goal13,2,-0.0017357758458632503
LMIC,goal10,goal13,3,-0.0030619850570884812
LMIC,goal10,goal13,4,0.0011056874847687346
LMIC,goal10,goal13,5,-3.456721331232679e-05
LMIC,goal10,goal13,6,-8.689666483980958e-05
LMIC,goal10,goal13,7,3.3336198995076175e-05
LMIC,goal10,goal13,8,-4.793648535441551e-06
LMIC,goal10,goal13,9,-8.115358052352361e-07
LMIC,goal10,goal13,10,4.921150266659729e-07
LMIC,goal13,goal13,0,0.1727805371212224
LMIC,goal13,goal13,1,-0.026069543312334083
LMIC,goal13,goal13,2,-0.011359506379620554
LMIC,goal13,goal13,3,0.003494485999269512
LMIC,goal13,goal13,4,-0.0004780826740115238
LMIC,goal13,goal13,5,-2.8183738319963833e-05
LMIC,goal13,goal13,6,3.853612277676653e-05
LMIC,goal13,goal13,7,-3.6381299266095366e-06
LMIC,goal13,goal13,8,-5.699153865156741e-06
LMIC,goal13,goal13,9,3.6168158044815674e-06
LMIC,goal13,goal13,10,-1.3095926174049863e-06
LMIC,goal16,goal13,0,0.0
LMIC,goal16,goal13,1,-0.0033442564817231265
LMIC,goal16,goal13,2,0.008216899406532412
LMIC,goal16,goal13,3,-0.00014739570641235822
LMIC,goal16,goal13,4,-0.0008386768084520747
LMIC,goal16,goal13,5,0.0003937237153346896
LMIC,goal16,goal13,6,-0.00013077363845888037
LMIC,goal16,goal13,7,3.8827625234357336e-05
LMIC,goal16,goal13,8,-1.3283959668652032e-05
LMIC,goal16,goal13,9,6.072178433056241e-06
LMIC,goal16,goal13,10,-3.009151690379423e-06
LMIC,goal1,goal16,0,-0.03197997892685885
LMIC,goal1,goal16,1,0.12367369769183865
LMIC,goal1,goal16,2,0.025127997037517894
LMIC,goal1,goal16,3,-0.01416551816768245
LMIC,goal1,goal16,4,0.0019766465623811047
LMIC,goal1,goal16,5,0.0005236828371833908
LMIC,goal1,goal16,6,-0.0002740858990370721
LMIC,goal1,goal16,7,1.4418637109726595e-05
LMIC,goal1,goal16,8,3.338943423054734e-05
LMIC,goal1,goal16,9,-1.8280602876905896e-05
LMIC,goal1,goal16,10,5.709014034387766e-06
LMIC,goal3,goal16,0,0.030999775066511866
LMIC,goal3,goal16,1,0.14559721697852604
LMIC,goal3,goal16,2,-0.008343742985609337
LMIC,goal3,goal16,3,-0.007992085714818742
LMIC,goal3,goal16,4,0.00380732670776968
LMIC,goal3,goal16,5,-0.0005410971192298488
LMIC,goal3,goal16,6,-0.00016516005575822432
LMIC,goal3,goal16,7,0.00010020776638376295
LMIC,goal3,goal16,8,-1.6767552968982538e-05
LMIC,goal3,goal16,9,-3.7130316054186973e-06
LMIC,goal3,goal16,10,2.9084391667533384e-06
LMIC,goal4,goal16,0,-0.23291939076056542
LMIC,goal4,goal16,1,-0.1441588964286997
LMIC,goal4,goal16,2,0.055073125277525656
LMIC,goal4,goal16,3,-0.009682135920979097
LMIC,goal4,goal16,4,-0.0004956935603306302
LMIC,goal4,goal16,5,0.0008338605602930983
LMIC,goal4,goal16,6,-0.00016965849442824397
LMIC,goal4,goal16,7,-4.638148603917343e-05
LMIC,goal4,goal16,8,4.249225118143019e-05
LMIC,goal4,goal16,9,-1.5555839410313654e-05
LMIC,goal4,goal16,10,3.927919874339797e-06
LMIC,goal7,goal16,0,-0.04075174552865196
LMIC,goal7,goal16,1,-0.019634486678292856
LMIC,goal7,goal16,2,0.007212509265595173
LMIC,goal7,goal16,3,0.008070605302164625
LMIC,goal7,goal16,4,-0.005688653614801119
LMIC,goal7,goal16,5,0.0021767468128069917
LMIC,goal7,goal16,6,-0.0005972111261952474
LMIC,goal7,goal16,7,0.00016512187688090473
LMIC,goal7,goal16,8,-6.968461849560586e-05
LMIC,goal7,goal16,9,3.72948802630379e-05
LMIC,goal7,goal16,10,-1.8469705403966615e-05
LMIC,goal8,goal16,0,0.4956003198352339
LMIC,goal8,goal16,1,-0.027486291823838997
LMIC,goal8,goal16,2,0.007559368289381585
LMIC,goal8,goal16,3,-0.005421105586076411
LMIC,goal8,goal16,4,0.0019453058807525749
LMIC,goal8,goal16,5,-0.0006270189386512362
LMIC,goal8,goal16,6,0.00026137414033475487
LMIC,goal8,goal16,7,-0.00013352440984062624
LMIC,goal8,goal16,8,6.601868893393565e-05
LMIC,goal8,goal16,9,-2.9330056968538538e-05
LMIC,goal8,goal16,10,1.209823142841811e-05
LMIC,goal10,goal16,0,0.05505124370086872
LMIC,goal10,goal16,1,-0.07174269843903977
LMIC,goal10,goal16,2,-0.00903779022296133
LMIC,goal10,goal16,3,-0.007013566135231754
LMIC,goal10,goal16,4,0.002585973734873655
LMIC,goal10,goal16,5,-0.0005260150953560359
LMIC,goal10,goal16,6,-6.944529558716147e-05
LMIC,goal10,goal16,7,6.560178880235823e-05
LMIC,goal10,goal16,8,-1.3420561386287375e-05
LMIC,goal10,goal16,9,-2.6262639808080562e-06
LMIC,goal10,goal16,10,2.59244042633752e-06
LMIC,goal13,goal16,0,-0.2704084178314633
LMIC,goal13,goal16,1,-0.06354215080316539
LMIC,goal13,goal16,2,-0.020359182099248644
LMIC,goal13,goal16,3,0.004025904172259288
LMIC,goal13,goal16,4,-0.0016583289460676326
LMIC,goal13,goal16,5,-0.00015785382416593023
LMIC,goal13,goal16,6,0.00023305743603311795
LMIC,goal13,goal16,7,-9.027940041330628e-05
LMIC,goal13,goal16,8,2.0986790943509183e-05
LMIC,goal13,goal16,9,-4.161018984259414e-06
LMIC,goal13,goal16,10,1.6064823800303187e-06
LMIC,goal16,goal16,0,1.1157657858825176
LMIC,goal16,goal16,1,-0.12669312437177077
LMIC,goal16,goal16,2,0.05394331798028294
LMIC,goal16,goal16,3,-0.0063995577833156824
LMIC,goal16,goal16,4,0.0016227301868451504
LMIC,goal16,goal16,5,-0.0002589485127473319
LMIC,goal16,goal16,6,0.00015515896589298747
LMIC,goal16,goal16,7,-0.0001111944071577229
LMIC,goal16,goal16,8,6.0999662744383e-05
LMIC,goal16,goal16,9,-2.6764784158433926e-05
LMIC,goal16,goal16,10,1.0617875508747223e-05
UMIC,goal1,goal1,0,2.1073781137347387
UMIC,goal1,goal1,1,0.23463687245424467
UMIC,goal1,goal1,2,0.05189452352328385
UMIC,goal1,goal1,3,0.017214208330941914
UMIC,goal1,goal1,4,-0.004757999408700386
UMIC,goal1,goal1,5,0.0013482034531091865
UMIC,goal1,goal1,6,-0.00035861660838738525
UMIC,goal1,goal1,7,1.607780193107728e-05
UMIC,goal1,goal1,8,2.3548867467203344e-05
UMIC,goal1,goal1,9,-1.3624101739300536e-05
UMIC,goal1,goal1,10,5.228788315180736e-06
UMIC,goal3,goal1,0,0.0
UMIC,goal3,goal1,1,-0.20160315420198346
UMIC,goal3,goal1,2,-0.018926581989278105
UMIC,goal3,goal1,3,-0.01888225624063347
UMIC,goal3,goal1,4,-0.0017793474717962797
UMIC,goal3,goal1,5,-1.9952123200226474e-05
UMIC,goal3,goal1,6,-0.0002442823527457808
UMIC,goal3,goal1,7,8.560978375633547e-05
UMIC,goal3,goal1,8,-2.353575566648898e-05
UMIC,goal3,goal1,9,3.822722132093491e-06
UMIC,goal3,goal1,10,2.466972582940035e-07
UMIC,goal4,goal1,0,0.0
UMIC,goal4,goal1,1,-0.03995851923234673
UMIC,goal4,goal1,2,-0.027375038890994637
UMIC,goal4,goal1,3,0.011556693688658106
UMIC,goal4,goal1,4,-0.004640759886097477
UMIC,goal4,goal1,5,0.0014832125303823759
UMIC,goal4,goal1,6,-0.00018617335883233338
UMIC,goal4,goal1,7,-1.4380103802279089e-05
UMIC,goal4,goal1,8,3.307732230822198e-05
UMIC,goal4,goal1,9,-1.5449905766010512e-05
UMIC,goal4,goal1,10,4.9117624211158556e-06
UMIC,goal7,goal1,0,0.0
UMIC,goal7,goal1,1,0.058496235951407495
UMIC,goal7,goal1,2,0.023307914611497366
UMIC,goal7,goal1,3,0.024740635392838932
UMIC,goal7,goal1,4,-0.0005379173118262974
UMIC,goal7,goal1,5,0.0011674220720674633
UMIC,goal7,goal1,6,8.454287641234928e-06
UMIC,goal7,goal1,7,-5.142097613926188e-05
UMIC,goal7,goal1,8,3.214440315070463e-05
UMIC,goal7,goal1,9,-1.1722541770293953e-05
UMIC,goal7,goal1,10,3.0745273513216537e-06
UMIC,goal8,goal1,0,0.0
UMIC,goal8,goal1,1,0.09530275619824086
UMIC,goal8,goal1,2,-0.04607406925072443
UMIC,goal8,goal1,3,-0.026374413857094114
UMIC,goal8,goal1,4,-0.0008214667061171662
UMIC,goal8,goal1,5,-0.0025744266815478827
UMIC,goal8,goal1,6,0.00023120074419883906
UMIC,goal8,goal1,7,-6.617555443927025e-05
UMIC,goal8,goal1,8,-1.3316411069859395e-05
UMIC,goal8,goal1,9,1.1619024496110578e-05
UMIC,goal8,goal1,10,-5.010985778891466e-06
UMIC,goal10,goal1,0,0.0
UMIC,goal10,goal1,1,-0.5628638955743034
UMIC,goal10,goal1,2,0.06986208384214418
UMIC,goal10,goal1,3,-0.018894148739953136
UMIC,goal10,goal1,4,-0.0019295891435009138
UMIC,goal10,goal1,5,0.002764859003997413
UMIC,goal10,goal1,6,-0.0011864250814420797
UMIC,goal10,goal1,7,0.00037556541368275435
UMIC,goal10,goal1,8,-7.83285956521372e-05
UMIC,goal10,goal1,9,3.2608680156940483e-06
UMIC,goal10,goal1,10,5.968161066451176e-06
UMIC,goal13,goal1,0,0.0
UMIC,goal13,goal1,1,-0.1596740490933082
UMIC,goal13,goal1,2,-0.03833181878190764
UMIC,goal13,goal1,3,-0.010375843791324385
UMIC,goal13,goal1,4,-0.0009232047886674131
UMIC,goal13,goal1,5,-0.0004128158251500233
UMIC,goal13,goal1,6,-3.527382354281696e-05
UMIC,goal13,goal1,7,4.251099187224419e-06
UMIC,goal13,goal1,8,-7.699791175483116e-06
UMIC,goal13,goal1,9,2.1708660480837105e-06
UMIC,goal13,goal1,10,-6.606379240521728e-07
UMIC,goal16,goal1,0,0.0
UMIC,goal16,goal1,1,0.10033835407497557
UMIC,goal16,goal1,2,0.0951236666952056
UMIC,goal16,goal1,3,-0.007265126876623192
UMIC,goal16,goal1,4,0.009674749679226938
UMIC,goal16,goal1,5,-0.0004637765216542453
UMIC,goal16,goal1,6,0.00011340999305677459
UMIC,goal16,goal1,7,0.00013306259851427976
UMIC,goal16,goal1,8,-6.173373022493494e-05
UMIC,goal16,goal1,9,2.187813753205938e-05
UMIC,goal16,goal1,10,-5.12747609387571e-06
UMIC,goal1,goal3,0,0.19584457282466494
UMIC,goal1,goal3,1,0.08781496388983674
UMIC,goal1,goal3,2,0.038097960065473446
UMIC,goal1,goal3,3,0.007304328621474159
UMIC,goal1,goal3,4,0.0010325188465815556
UMIC,goal1,goal3,5,-9.329332130740694e-06
UMIC,goal1,goal3,6,-6.334879646570005e-05
UMIC,goal1,goal3,7,7.512654466524731e-06
UMIC,goal1,goal3,8,-5.575785470603447e-06
UMIC,goal1,goal3,9,1.1895734846238916e-06
UMIC,goal1,goal3,10,-4.9966359635936313e-08
UMIC,goal3,goal3,0,0.9052686348725657
UMIC,goal3,goal3,1,0.027626668290075557
UMIC,goal3,goal3,2,0.013715647385577387
UMIC,goal3,goal3,3,-0.0049531607395696085
UMIC,goal3,goal3,4,-0.0010053177008220585
UMIC,goal3,goal3,5,-0.00034585006483376924
UMIC,goal3,goal3,6,-1.0070494622469078e-05
UMIC,goal3,goal3,7,-2.8929797571162305e-06
UMIC,goal3,goal3,8,-1.1322101141719462e-07
UMIC,goal3,goal3,9,7.957202959519104e-07
UMIC,goal3,goal3,10,-2.61776340547554e-07
UMIC,goal4,goal3,0,0.0
UMIC,goal4,goal3,1,-0.01108986912275411
UMIC,goal4,goal3,2,0.003157231743181078
UMIC,goal4,goal3,3,-0.004433042596247178
UMIC,goal4,goal3,4,-0.00013733989693161722
UMIC,goal4,goal3,5,4.364120763451168e-05
UMIC,goal4,goal3,6,-2.2426984551576512e-05
UMIC,goal4,goal3,7,1.9633363778101883e-05
UMIC,goal4,goal3,8,-3.82170487332116e-06
UMIC,goal4,goal3,9,8.397987196703967e-07
UMIC,goal4,goal3,10,1.4316730366226322e-08
UMIC,goal7,goal3,0,0.0
UMIC,goal7,goal3,1,-0.19368299532639885
UMIC,goal7,goal3,2,-0.007600228798693941
UMIC,goal7,goal3,3,0.0020198666849210673
UMIC,goal7,goal3,4,0.001303821626871996
UMIC,goal7,goal3,5,0.0003856020956875684
UMIC,goal7,goal3,6,1.0693387450934318e-05
UMIC,goal7,goal3,7,1.3921256156789874e-05
UMIC,goal7,goal3,8,-3.008678057431765e-06
UMIC,goal7,goal3,9,3.327785666279888e-08
UMIC,goal7,goal3,10,1.2538433483287148e-07
UMIC,goal8,goal3,0,0.0
UMIC,goal8,goal3,1,0.15718821740195582
UMIC,goal8,goal3,2,0.041774371198697195
UMIC,goal8,goal3,3,0.003133680159954262
UMIC,goal8,goal3,4,-0.0013876402636857513
UMIC,goal8,goal3,5,-0.00048105258686570934
UMIC,goal8,goal3,6,-8.708630036705916e-05
UMIC,goal8,goal3,7,-2.7835165378577705e-05
UMIC,goal8,goal3,8,4.053375175674878e-06
UMIC,goal8,goal3,9,-1.1205045144831435e-06
UMIC,goal8,goal3,10,2.456984269996299e-07
UMIC,goal10,goal3,0,0.0
UMIC,goal10,goal3,1,-0.10619142450000055
UMIC,goal10,goal3,2,-0.01130564156210801
UMIC,goal10,goal3,3,-0.008533415874686841
UMIC,goal10,goal3,4,0.0008931930210934617
UMIC,goal10,goal3,5,-0.0003062110556734244
UMIC,goal10,goal3,6,7.905532874684784e-05
UMIC,goal10,goal3,7,7.734418766650587e-06
UMIC,goal10,goal3,8,-7.401822226076905e-06
UMIC,goal10,goal3,9,3.6668242547007316e-06
UMIC,goal10,goal3,10,-1.2440885627936954e-06
UMIC,goal13,goal3,0,0.0
UMIC,goal13,goal3,1,0.060075450487276374
UMIC,goal13,goal3,2,-0.018033756597702875
UMIC,goal13,goal3,3,-0.001418379393652605
UMIC,goal13,goal3,4,-0.0006665193454946044
UMIC,goal13,goal3,5,-0.00012461302684792252
UMIC,goal13,goal3,6,-1.170594950383906e-05
UMIC,goal13,goal3,7,-4.625226770477804e-06
UMIC,goal13,goal3,8,2.454599752119969e-07
UMIC,goal13,goal3,9,-7.903253174913498e-08
UMIC,goal13,goal3,10,-3.878633774255686e-08
UMIC,goal16,goal3,0,0.0
UMIC,goal16,goal3,1,-0.03311103492120174
UMIC,goal16,goal3,2,-0.01432709714041838
UMIC,goal16,goal3,3,-0.00024983143245145724
UMIC,goal16,goal3,4,0.0009308045535174057
UMIC,goal16,goal3,5,0.0001478081296443318
UMIC,goal16,goal3,6,0.00013229679659626726
UMIC,goal16,goal3,7,-1.0012662655062534e-05
UMIC,goal16,goal3,8,4.995954344195797e-06
UMIC,goal16,goal3,9,-1.8626036379829565e-07
UMIC,goal16,goal3,10,-3.500911223087183e-07
UMIC,goal1,goal4,0,-0.04630201486619194
UMIC,goal1,goal4,1,-0.22474524703507145
UMIC,goal1,goal4,2,0.19045059055350286
UMIC,goal1,goal4,3,-0.0048739046374357865
UMIC,goal1,goal4,4,0.003736442230218867
UMIC,goal1,goal4,5,0.002031710027395935
UMIC,goal1,goal4,6,-0.0011684731903096575
UMIC,goal1,goal4,7,0.00038786480737549776
UMIC,goal1,goal4,8,-0.00010391143333833797
UMIC,goal1,goal4,9,1.3542851238128969e-05
UMIC,goal1,goal4,10,3.2073119008769325e-06
UMIC,goal3,goal4,0,0.18620807555669067
UMIC,goal3,goal4,1,0.16790990402789333
UMIC,goal3,goal4,2,0.03554253225685478
UMIC,goal3,goal4,3,-0.024827068008562016
UMIC,goal3,goal4,4,0.003671534376138689
UMIC,goal3,goal4,5,-0.00249384731689237
UMIC,goal3,goal4,6,0.0001831099835166488
UMIC,goal3,goal4,7,2.329716833999282e-05
UMIC,goal3,goal4,8,-4.5172562570116455e-05
UMIC,goal3,goal4,9,2.1395788569913847e-05
UMIC,goal3,goal4,10,-6.643707315862691e-06
UMIC,goal4,goal4,0,2.3237978111548587
UMIC,goal4,goal4,1,-0.31765586654244615
UMIC,goal4,goal4,2,0.10320538100477722
UMIC,goal4,goal4,3,-0.02028871820534928
UMIC,goal4,goal4,4,-0.0027864415700381675
UMIC,goal4,goal4,5,0.002645040120595054
UMIC,goal4,goal4,6,-0.0011944350611033236
UMIC,goal4,goal4,7,0.0003911773134115462
UMIC,goal4,goal4,8,-7.810105883455531e-05
UMIC,goal4,goal4,9,4.1209930517710375e-06
UMIC,goal4,goal4,10,5.980110560385668e-06
UMIC,goal7,goal4,0,0.0
UMIC,goal7,goal4,1,-0.4453173727128099
UMIC,goal7,goal4,2,0.028322925076773496
UMIC,goal7,goal4,3,0.0033752617520235234
UMIC,goal7,goal4,4,-0.0014677254023687004
UMIC,goal7,goal4,5,0.003373429399380598
UMIC,goal7,goal4,6,-0.0007855907846371739
UMIC,goal7,goal4,7,0.00024496011513995216
UMIC,goal7,goal4,8,-2.936600100598482e-05
UMIC,goal7,goal4,9,-7.791012079126904e-06
UMIC,goal7,goal4,10,6.9874662872139154e-06
UMIC,goal8,goal4,0,0.0
UMIC,goal8,goal4,1,0.3294137411956663
UMIC,goal8,goal4,2,-0.06894555220639492
UMIC,goal8,goal4,3,0.03271602024659014
UMIC,goal8,goal4,4,-0.006066341330075557
UMIC,goal8,goal4,5,-0.002261852391434899
UMIC,goal8,goal4,6,0.0006628817197457371
UMIC,goal8,goal4,7,-0.00043801216753119713
UMIC,goal8,goal4,8,0.00010836861488986979
UMIC,goal8,goal4,9,-2.0820019020024746e-05
UMIC,goal8,goal4,10,-3.3765225559849446e-07
UMIC,goal10,goal4,0,0.0
UMIC,goal10,goal4,1,-0.33229412020124155
UMIC,goal10,goal4,2,0.16941798686854628
UMIC,goal10,goal4,3,-0.10666774549293932
UMIC,goal10,goal4,4,0.027562685111047126
UMIC,goal10,goal4,5,-0.005822214636589526
UMIC,goal10,goal4,6,0.00019403571729395623
UMIC,goal10,goal4,7,0.0005122324685539942
UMIC,goal10,goal4,8,-0.00028328721723859957
UMIC,goal10,goal4,9,0.00010061466460654033
UMIC,goal10,goal4,10,-2.498193414096906e-05
UMIC,goal13,goal4,0,0.0
UMIC,goal13,goal4,1,-0.0128626706665373
UMIC,goal13,goal4,2,-0.04428520666537467
UMIC,goal13,goal4,3,-0.007691898999919933
UMIC,goal13,goal4,4,-0.0008782086939600296
UMIC,goal13,goal4,5,-0.0008906577661304365
UMIC,goal13,goal4,6,0.00012458242355999215
UMIC,goal13,goal4,7,-5.6267289294383745e-05
UMIC,goal13,goal4,8,4.672121575117983e-06
UMIC,goal13,goal4,9,1.3487576048980627e-06
UMIC,goal13,goal4,10,-1.4670061201779532e-06
UMIC,goal16,goal4,0,0.0
UMIC,goal16,goal4,1,0.6265041056500426
UMIC,goal16,goal4,2,-0.0791826749882535
UMIC,goal16,goal4,3,0.0003961957609322107
UMIC,goal16,goal4,4,0.01184285412309697
UMIC,goal16,goal4,5,-0.0042850945685483826
UMIC,goal16,goal4,6,0.001869597334731
UMIC,goal16,goal4,7,-0.0003603531817424336
UMIC,goal16,goal4,8,4.180458423204637e-05
UMIC,goal16,goal4,9,1.9743402728128058e-05
UMIC,goal16,goal4,10,-1.4219927998103247e-05
UMIC,goal1,goal7,0,0.11208850185659823
UMIC,goal1,goal7,1,-0.07036351882851193
UMIC,goal1,goal7,2,0.007346681568409804
UMIC,goal1,goal7,3,-0.003230586131854664
UMIC,goal1,goal7,4,0.0013833170223541901
UMIC,goal1,goal7,5,0.00011411348022396117
UMIC,goal1,goal7,6,-8.373158021233596e-05
UMIC,goal1,goal7,7,4.955446512059288e-05
UMIC,goal1,goal7,8,-1.7498955861706326e-05
UMIC,goal1,goal7,9,3.9475461723107985e-06
UMIC,goal1,goal7,10,-4.357767945294692e-07
UMIC,goal3,goal7,0,-0.014602050743232026
UMIC,goal3,goal7,1,-0.050388191373944756
UMIC,goal3,goal7,2,0.010595190025239311
UMIC,goal3,goal7,3,-0.0006598341889206427
UMIC,goal3,goal7,4,0.0008385629028186062
UMIC,goal3,goal7,5,-0.0003452255475370222
UMIC,goal3,goal7,6,5.43252437994501e-05
UMIC,goal3,goal7,7,-1.3337040281216315e-05
UMIC,goal3,goal7,8,-2.5718850507649873e-06
UMIC,goal3,goal7,9,2.132195728768066e-06
UMIC,goal3,goal7,10,-9.157628455520667e-07
UMIC,goal4,goal7,0,0.021963154381898744
UMIC,goal4,goal7,1,-0.03730524264017173
UMIC,goal4,goal7,2,0.02724513546917471
UMIC,goal4,goal7,3,-0.004266993031205963
UMIC,goal4,goal7,4,0.000498180008248122
UMIC,goal4,goal7,5,9.624129397511041e-05
UMIC,goal4,goal7,6,-0.0001287399067275785
UMIC,goal4,goal7,7,5.345043942292416e-05
UMIC,goal4,goal7,8,-1.5566929699544685e-05
UMIC,goal4,goal7,9,3.0776428595754286e-06
UMIC,goal4,goal7,10,-5.2711507300123425e-09
UMIC,goal7,goal7,0,0.5949269505507235
UMIC,goal7,goal7,1,-0.03750912576013564
UMIC,goal7,goal7,2,0.006915690038384587
UMIC,goal7,goal7,3,-0.0034238930074086136
UMIC,goal7,goal7,4,-0.00015377691367090833
UMIC,goal7,goal7,5,0.00026763016217799086
UMIC,goal7,goal7,6,-9.571873547459494e-05
UMIC,goal7,goal7,7,4.329807338996829e-05
UMIC,goal7,goal7,8,-8.506003030837203e-06
UMIC,goal7,goal7,9,9.615034467463866e-07
UMIC,goal7,goal7,10,4.2552935463364874e-07
UMIC,goal8,goal7,0,0.0
UMIC,goal8,goal7,1,-0.11187405946645576
UMIC,goal8,goal7,2,-0.01856512287928678
UMIC,goal8,goal7,3,0.005756154735082367
UMIC,goal8,goal7,4,-0.0006881797383490908
UMIC,goal8,goal7,5,0.00011317328818287673
UMIC,goal8,goal7,6,4.241444392759961e-05
UMIC,goal8,goal7,7,-5.0433076886512256e-05
UMIC,goal8,goal7,8,1.5372193697467416e-05
UMIC,goal8,goal7,9,-4.8191218607308745e-06
UMIC,goal8,goal7,10,7.408015413233477e-07
UMIC,goal10,goal7,0,0.0
UMIC,goal10,goal7,1,0.025533536342371915
UMIC,goal10,goal7,2,0.020111725072674187
UMIC,goal10,goal7,3,-0.011550346087960442
UMIC,goal10,goal7,4,0.003869345091671916
UMIC,goal10,goal7,5,-0.001255880341001506
UMIC,goal10,goal7,6,0.00021172327589095703
UMIC,goal10,goal7,7,5.7307832793657e-06
UMIC,goal10,goal7,8,-2.4435512389468466e-05
UMIC,goal10,goal7,9,1.2708753447010836e-05
UMIC,goal10,goal7,10,-4.244267983348671e-06
UMIC,goal13,goal7,0,0.0
UMIC,goal13,goal7,1,0.05516513810979107
UMIC,goal13,goal7,2,-0.011342679510802308
UMIC,goal13,goal7,3,0.0002985474316131771
UMIC,goal13,goal7,4,-0.00019193638628645793
UMIC,goal13,goal7,5,-8.267006760158218e-05
UMIC,goal13,goal7,6,1.4286228488352403e-05
UMIC,goal13,goal7,7,-9.644174856808108e-06
UMIC,goal13,goal7,8,1.5764496673127673e-06
UMIC,goal13,goal7,9,-2.2321206390300824e-07
UMIC,goal13,goal7,10,-9.262638102005236e-08
UMIC,goal16,goal7,0,0.0
UMIC,goal16,goal7,1,0.13755429180871295
UMIC,goal16,goal7,2,-0.005956028025414029
UMIC,goal16,goal7,3,0.002969713352096302
UMIC,goal16,goal7,4,0.00022076095351365686
UMIC,goal16,goal7,5,-0.00046510255376672167
UMIC,goal16,goal7,6,0.00023487884088998915
UMIC,goal16,goal7,7,-6.633337044840333e-05
UMIC,goal16,goal7,8,1.6180966165468764e-05
UMIC,goal16,goal7,9,-8.238571044028645e-07
UMIC,goal16,goal7,10,-1.0141698904221172e-06
UMIC,goal1,goal8,0,-0.18063675321739978
UMIC,goal1,goal8,1,0.06044932479481419
UMIC,goal1,goal8,2,-0.007958466358747132
UMIC,goal1,goal8,3,-0.0029913344036058896
UMIC,goal1,goal8,4,0.0009564808436007649
UMIC,goal1,goal8,5,-0.00046260540737392484
UMIC,goal1,goal8,6,0.00013027988998946127
UMIC,goal1,goal8,7,-1.9609548704953654e-05
UMIC,goal1,goal8,8,-1.2522017050219754e-06
UMIC,goal1,goal8,9,2.922082178622785e-06
UMIC,goal1,goal8,10,-1.4118450733745204e-06
UMIC,goal3,goal8,0,0.020497836110472244
UMIC,goal3,goal8,1,-0.008926061215136087
UMIC,goal3,goal8,2,-0.012871743266535635
UMIC,goal3,goal8,3,0.002419335091617581
UMIC,goal3,goal8,4,-0.00029189028398294165
UMIC,goal3,goal8,5,4.069514228989944e-05
UMIC,goal3,goal8,6,4.8112401007252255e-05
UMIC,goal3,goal8,7,-2.230649274877334e-05
UMIC,goal3,goal8,8,7.602586065203138e-06
UMIC,goal3,goal8,9,-1.873416375510127e-06
UMIC,goal3,goal8,10,1.922234849930787e-07
UMIC,goal4,goal8,0,0.04961952574028015
UMIC,goal4,goal8,1,-0.008014577018800005
UMIC,goal4,goal8,2,0.0012887922003742603
UMIC,goal4,goal8,3,-0.0019519639486886464
UMIC,goal4,goal8,4,0.001383957546583013
UMIC,goal4,goal8,5,-0.000433165839392206
UMIC,goal4,goal8,6,0.00010293111010642575
UMIC,goal4,goal8,7,-1.131735740725287e-05
UMIC,goal4,goal8,8,-4.955785157584855e-06
UMIC,goal4,goal8,9,3.654052742495871e-06
UMIC,goal4,goal8,10,-1.4645861568083857e-06
UMIC,goal7,goal8,0,-0.2994699488010583
UMIC,goal7,goal8,1,0.05143252819758426
UMIC,goal7,goal8,2,0.007532970923845741
UMIC,goal7,goal8,3,-0.00225825566535277
UMIC,goal7,goal8,4,0.0009127868124431272
UMIC,goal7,goal8,5,-0.0003286764570457832
UMIC,goal7,goal8,6,3.9018247772409e-05
UMIC,goal7,goal8,7,3.193704608891727e-06
UMIC,goal7,goal8,8,-6.708425498296804e-06
UMIC,goal7,goal8,9,3.2722177775131353e-06
UMIC,goal7,goal8,10,-1.0292193126820932e-06
UMIC,goal8,goal8,0,1.0851357677219784
UMIC,goal8,goal8,1,-0.06739330065516577
UMIC,goal8,goal8,2,-0.00325975439031149
UMIC,goal8,goal8,3,-0.0009282043231941439
UMIC,goal8,goal8,4,-0.00100073484957864
UMIC,goal8,goal8,5,0.00047566317001710513
UMIC,goal8,goal8,6,-0.0001192657534886258
UMIC,goal8,goal8,7,3.0929967791946376e-05
UMIC,goal8,goal8,8,-1.3659623757371272e-06
UMIC,goal8,goal8,9,-2.0790637952860216e-06
UMIC,goal8,goal8,10,1.2350131488226086e-06
UMIC,goal10,goal8,0,0.0
UMIC,goal10,goal8,1,0.08853883355328451
UMIC,goal10,goal8,2,-0.031099639759757138
UMIC,goal10,goal8,3,0.008669886594724162
UMIC,goal10,goal8,4,-0.0005855939949185193
UMIC,goal10,goal8,5,-0.0004189949080183839
UMIC,goal10,goal8,6,0.0002893735173322148
UMIC,goal10,goal8,7,-0.00011433320784756517
UMIC,goal10,goal8,8,3.075052646671308e-05
UMIC,goal10,goal8,9,-4.971281721865511e-06
UMIC,goal10,goal8,10,-4.6917361629380624e-07
UMIC,goal13,goal8,0,0.0
UMIC,goal13,goal8,1,0.007865386097275277
UMIC,goal13,goal8,2,0.00040423078430420464
UMIC,goal13,goal8,3,0.0004278518978273234
UMIC,goal13,goal8,4,-0.00014329207475603724
UMIC,goal13,goal8,5,6.643396595955587e-05
UMIC,goal13,goal8,6,-7.44323915258509e-06
UMIC,goal13,goal8,7,-6.158580630386171e-07
UMIC,goal13,goal8,8,1.3835995745167427e-06
UMIC,goal13,goal8,9,-6.606090912968892e-07
UMIC,goal13,goal8,10,2.0992087152592098e-07
UMIC,goal16,goal8,0,0.0
UMIC,goal16,goal8,1,-0.01761856642966905
UMIC,goal16,goal8,2,-0.004157620832793013
UMIC,goal16,goal8,3,0.0062275654908690034
UMIC,goal16,goal8,4,-0.0018987737049426616
UMIC,goal16,goal8,5,0.00047287406972766724
UMIC,goal16,goal8,6,-7.727482191845285e-05
UMIC,goal16,goal8,7,-1.4937580050629242e-05
UMIC,goal16,goal8,8,1.3989364734595444e-05
UMIC,goal16,goal8,9,-6.16551624609566e-06
UMIC,goal16,goal8,10,1.8697701629179868e-06
UMIC,goal1,goal10,0,0.6893012166450319
UMIC,goal1,goal10,1,-0.03936616765896471
UMIC,goal1,goal10,2,-0.06829481689443648
UMIC,goal1,goal10,3,0.02730840150012871
UMIC,goal1,goal10,4,-0.010473645587564962
UMIC,goal1,goal10,5,0.0026756623771315192
UMIC,goal1,goal10,6,-0.00031778967848577604
UMIC,goal1,goal10,7,-8.284146044335039e-05
UMIC,goal1,goal10,8,7.95065271339102e-05
UMIC,goal1,goal10,9,-3.3817830065285324e-05
UMIC,goal1,goal10,10,9.933276283839488e-06
UMIC,goal3,goal10,0,0.39815871681000903
UMIC,goal3,goal10,1,-0.2548564671551603
UMIC,goal3,goal10,2,0.04834142206047628
UMIC,goal3,goal10,3,-0.005707453349946861
UMIC,goal3,goal10,4,-0.0004765263853580661
UMIC,goal3,goal10,5,0.0012541565924134206
UMIC,goal3,goal10,6,-0.0005504105167819298
UMIC,goal3,goal10,7,0.0001699285097743944
UMIC,goal3,goal10,8,-3.643683489243222e-05
UMIC,goal3,goal10,9,1.7117992928617282e-06
UMIC,goal3,goal10,10,2.6914830711447e-06
UMIC,goal4,goal10,0,0.40276211128751405
UMIC,goal4,goal10,1,0.03437532143260188
UMIC,goal4,goal10,2,-0.061470141065894546
UMIC,goal4,goal10,3,0.03268552366133051
UMIC,goal4,goal10,4,-0.009734869600459004
UMIC,goal4,goal10,5,0.0020168242119750334
UMIC,goal4,goal10,6,-9.42503917417041e-05
UMIC,goal4,goal10,7,-0.0001603687369215745
UMIC,goal4,goal10,8,9.36112440941446e-05
UMIC,goal4,goal10,9,-3.38529546914857e-05
UMIC,goal4,goal10,10,8.584496792788547e-06
UMIC,goal7,goal10,0,0.2831012498451387
UMIC,goal7,goal10,1,0.18258913092740062
UMIC,goal7,goal10,2,-0.06431849338078198
UMIC,goal7,goal10,3,0.022660998891084777
UMIC,goal7,goal10,4,-0.0063775285264710355
UMIC,goal7,goal10,5,0.0006591697384465329
UMIC,goal7,goal10,6,0.00020191258009905427
UMIC,goal7,goal10,7,-0.000182624560843181
UMIC,goal7,goal10,8,7.794042167633894e-05
UMIC,goal7,goal10,9,-2.2534133928408804e-05
UMIC,goal7,goal10,10,4.237221449030243e-06
UMIC,goal8,goal10,0,-0.04665056752594025
UMIC,goal8,goal10,1,-0.05422949728293576
UMIC,goal8,goal10,2,0.012605168684487673
UMIC,goal8,goal10,3,-0.025965477277689518
UMIC,goal8,goal10,4,0.0106585576248908
UMIC,goal8,goal10,5,-0.0027570933316508994
UMIC,goal8,goal10,6,0.0005482981958807077
UMIC,goal8,goal10,7,1.5914225441443e-05
UMIC,goal8,goal10,8,-6.174284397998158e-05
UMIC,goal8,goal10,9,3.0899735758760724e-05
UMIC,goal8,goal10,10,-1.041772972384879e-05
UMIC,goal10,goal10,0,2.769617482867891
UMIC,goal10,goal10,1,-0.7465811786818324
UMIC,goal10,goal10,2,0.15949046463404237
UMIC,goal10,goal10,3,-0.0021257586849980315
UMIC,goal10,goal10,4,-0.013358086760340327
UMIC,goal10,goal10,5,0.007369731825907145
UMIC,goal10,goal10,6,-0.002614390628353361
UMIC,goal10,goal10,7,0.0006368367190765248
UMIC,goal10,goal10,8,-7.665157403182711e-05
UMIC,goal10,goal10,9,-2.365800528925497e-05
UMIC,goal10,goal10,10,2.0419043793626087e-05
UMIC,goal13,goal10,0,0.0
UMIC,goal13,goal10,1,0.013980633484808875
UMIC,goal13,goal10,2,0.011325730398457402
UMIC,goal13,goal10,3,-0.004446792959791672
UMIC,goal13,goal10,4,0.0012642103208648128
UMIC,goal13,goal10,5,-0.000138602239768256
UMIC,goal13,goal10,6,-4.197330795132721e-05
UMIC,goal13,goal10,7,3.7088159810802824e-05
UMIC,goal13,goal10,8,-1.583117327216561e-05
UMIC,goal13,goal10,9,4.576381768928033e-06
UMIC,goal13,goal10,10,-8.582718287457923e-07
UMIC,goal16,goal10,0,0.0
UMIC,goal16,goal10,1,-0.22126422579919558
UMIC,goal16,goal10,2,0.1451461554199735
UMIC,goal16,goal10,3,-0.04294910396698988
UMIC,goal16,goal10,4,0.009810220106031272
UMIC,goal16,goal10,5,-0.0010006434974544382
UMIC,goal16,goal10,6,-0.0005363820834343579
UMIC,goal16,goal10,7,0.0003712895822332452
UMIC,goal16,goal10,8,-0.00014519101479565816
UMIC,goal16,goal10,9,4.002029181566428e-05
UMIC,goal16,goal10,10,-6.546046326968233e-06
UMIC,goal1,goal13,0,-0.13891516779793636
UMIC,goal1,goal13,1,-0.0935025731533658
UMIC,goal1,goal13,2,0.02321757432017645
UMIC,goal1,goal13,3,0.0025384952216653952
UMIC,goal1,goal13,4,0.0020688109333654716
UMIC,goal1,goal13,5,0.00014964832225998587
UMIC,goal1,goal13,6,-8.390173179653962e-05
UMIC,goal1,goal13,7,3.642305757738453e-05
UMIC,goal1,goal13,8,-1.57449448725269e-05
UMIC,goal1,goal13,9,3.3279417000408554e-06
UMIC,goal1,goal13,10,-3.638778165463265e-07
UMIC,goal3,goal13,0,0.07913750400771793
UMIC,goal3,goal13,1,0.06435740937187202
UMIC,goal3,goal13,2,0.024040250072816776
UMIC,goal3,goal13,3,-0.000400058859332134
UMIC,goal3,goal13,4,0.00016908146771738217
UMIC,goal3,goal13,5,-0.00045537754605782626
UMIC,goal3,goal13,6,2.0295194667661556e-05
UMIC,goal3,goal13,7,-1.3371049250861476e-05
UMIC,goal3,goal13,8,-1.7852334049196e-06
UMIC,goal3,goal13,9,1.9197891524758346e-06
UMIC,goal3,goal13,10,-7.540852910342793e-07
UMIC,goal4,goal13,0,0.05839413246516433
UMIC,goal4,goal13,1,0.020471609461985254
UMIC,goal4,goal13,2,0.021010340217816677
UMIC,goal4,goal13,3,-0.005216927908690343
UMIC,goal4,goal13,4,7.035515845826737e-05
UMIC,goal4,goal13,5,3.9691396436988465e-05
UMIC,goal4,goal13,6,-0.00010467962808604315
UMIC,goal4,goal13,7,4.7452262860609804e-05
UMIC,goal4,goal13,8,-1.2746013277796813e-05
UMIC,goal4,goal13,9,2.7012814457647422e-06
UMIC,goal4,goal13,10,-1.9546904397625957e-08
UMIC,goal7,goal13,0,0.20763480237026288
UMIC,goal7,goal13,1,-0.15205488027033837
UMIC,goal7,goal13,2,-0.01441726943831332
UMIC,goal7,goal13,3,-0.00438760594330267
UMIC,goal7,goal13,4,0.0003120121586974417
UMIC,goal7,goal13,5,0.0003988367527062737
UMIC,goal7,goal13,6,-4.652999539127239e-05
UMIC,goal7,goal13,7,4.0300770532522983e-05
UMIC,goal7,goal13,8,-7.3968623931640895e-06
UMIC,goal7,goal13,9,7.136381639116214e-07
UMIC,goal7,goal13,10,3.237451052576893e-07
UMIC,goal8,goal13,0,-0.09367113127104489
UMIC,goal8,goal13,1,0.00948579324523361
UMIC,goal8,goal13,2,0.019122515496882073
UMIC,goal8,goal13,3,0.01130104827398805
UMIC,goal8,goal13,4,-0.0003022827371482532
UMIC,goal8,goal13,5,-7.444658013410896e-05
UMIC,goal8,goal13,6,-2.6650275462001944e-05
UMIC,goal8,goal13,7,-5.3789281392671726e-05
UMIC,goal8,goal13,8,1.1928469619570624e-05
UMIC,goal8,goal13,9,-4.0469154050673375e-06
UMIC,goal8,goal13,10,6.844938002569482e-07
UMIC,goal10,goal13,0,0.09111342532149948
UMIC,goal10,goal13,1,0.04040515749237148
UMIC,goal10,goal13,2,0.004555391757321715
UMIC,goal10,goal13,3,-0.012936924434438408
UMIC,goal10,goal13,4,0.0028021575488632326
UMIC,goal10,goal13,5,-0.0010876407340571809
UMIC,goal10,goal13,6,0.00019311113736093015
UMIC,goal10,goal13,7,7.057673244754353e-06
UMIC,goal10,goal13,8,-1.9937485808366468e-05
UMIC,goal10,goal13,9,1.0735684280348965e-05
UMIC,goal10,goal13,10,-3.6162641998691298e-06
UMIC,goal13,goal13,0,0.5490558788108433
UMIC,goal13,goal13,1,0.05546546694545919
UMIC,goal13,goal13,2,-0.008814724456605411
UMIC,goal13,goal13,3,-0.00021607605954732722
UMIC,goal13,goal13,4,-0.00038229225877242873
UMIC,goal13,goal13,5,-0.00012183549010511108
UMIC,goal13,goal13,6,2.3345638200726743e-06
UMIC,goal13,goal13,7,-9.402532098683973e-06
UMIC,goal13,goal13,8,1.2580323160688877e-06
UMIC,goal13,goal13,9,-1.9494586547268742e-07
UMIC,goal13,goal13,10,-7.636403793940363e-08
UMIC,goal16,goal13,0,0.0
UMIC,goal16,goal13,1,0.10965572372092755
UMIC,goal16,goal13,2,-0.02096321478657061
UMIC,goal16,goal13,3,-0.0005175614484154192
UMIC,goal16,goal13,4,2.0693024410993636e-05
UMIC,goal16,goal13,5,-0.00029605894540440616
UMIC,goal16,goal13,6,0.00023321847758885514
UMIC,goal16,goal13,7,-4.953626004683571e-05
UMIC,goal16,goal13,8,1.4633124396175881e-05
UMIC,goal16,goal13,9,-7.52947794791679e-07
UMIC,goal16,goal13,10,-8.611153920683098e-07
UMIC,goal1,goal16,0,-0.1474476467718897
UMIC,goal1,goal16,1,0.12804379656924755
UMIC,goal1,goal16,2,0.013311558171560304
UMIC,goal1,goal16,3,0.007392256890752328
UMIC,goal1,goal16,4,0.0028141770145520507
UMIC,goal1,goal16,5,-0.0006671634495774068
UMIC,goal1,goal16,6,0.0002374575876086622
UMIC,goal1,goal16,7,-6.036717972963618e-05
UMIC,goal1,goal16,8,3.3248134896182456e-06
UMIC,goal1,goal16,9,3.360385993792474e-06
UMIC,goal1,goal16,10,-2.181444174064873e-06
UMIC,goal3,goal16,0,0.09343658500154475
UMIC,goal3,goal16,1,-0.008649473912314442
UMIC,goal3,goal16,2,-0.008716114995308524
UMIC,goal3,goal16,3,0.00040731905268549654
UMIC,goal3,goal16,4,-0.002288720843188216
UMIC,goal3,goal16,5,-0.00019863918089165462
UMIC,goal3,goal16,6,-7.1033572094453425e-06
UMIC,goal3,goal16,7,-3.986792392894121e-05
UMIC,goal3,goal16,8,1.3696913847644393e-05
UMIC,goal3,goal16,9,-3.8970675593012025e-06
UMIC,goal3,goal16,10,6.96021303563276e-07
UMIC,goal4,goal16,0,-0.0016293716527062056
UMIC,goal4,goal16,1,0.09574478844770033
UMIC,goal4,goal16,2,0.0007196020915267922
UMIC,goal4,goal16,3,-0.004099800543642261
UMIC,goal4,goal16,4,0.001775457269882605
UMIC,goal4,goal16,5,-0.0008141020331637325
UMIC,goal4,goal16,6,0.00023582517276977692
UMIC,goal4,goal16,7,-3.50619308931096e-05
UMIC,goal4,goal16,8,-1.2695534939376088e-06
UMIC,goal4,goal16,9,5.128315763704352e-06
UMIC,goal4,goal16,10,-2.4713814604910943e-06
UMIC,goal7,goal16,0,0.04580812154828153
UMIC,goal7,goal16,1,-0.014948382413337947
UMIC,goal7,goal16,2,-2.1562584440670838e-05
UMIC,goal7,goal16,3,-0.0009142464424135078
UMIC,goal7,goal16,4,0.0030704775184756893
UMIC,goal7,goal16,5,-0.00021517102299342314
UMIC,goal7,goal16,6,0.0001888797605999753
UMIC,goal7,goal16,7,-2.1617452817027294e-07
UMIC,goal7,goal16,8,-7.360537803244291e-06
UMIC,goal7,goal16,9,5.089783748926953e-06
UMIC,goal7,goal16,10,-1.928462459144598e-06
UMIC,goal8,goal16,0,0.15065065256207927
UMIC,goal8,goal16,1,-0.20145879711770365
UMIC,goal8,goal16,2,0.01780554478630663
UMIC,goal8,goal16,3,-0.0026596029470788555
UMIC,goal8,goal16,4,-0.002395659479022108
UMIC,goal8,goal16,5,0.0001647217400297925
UMIC,goal8,goal16,6,-0.00037786602135203736
UMIC,goal8,goal16,7,4.211128051761636e-05
UMIC,goal8,goal16,8,-1.2074356613541778e-05
UMIC,goal8,goal16,9,-1.8842486774383965e-06
UMIC,goal8,goal16,10,1.821117795716948e-06
UMIC,goal10,goal16,0,0.08360493610265536
UMIC,goal10,goal16,1,0.09244856309997974
UMIC,goal10,goal16,2,-0.07558587184545079
UMIC,goal10,goal16,3,0.01179599293597564
UMIC,goal10,goal16,4,-0.0033817496821407196
UMIC,goal10,goal16,5,-0.0002922851714830069
UMIC,goal10,goal16,6,0.0004214203078524124
UMIC,goal10,goal16,7,-0.0001908268744833457
UMIC,goal10,goal16,8,6.227559557914283e-05
UMIC,goal10,goal16,9,-1.3354616080205353e-05
UMIC,goal10,goal16,10,8.285378921649295e-07
UMIC,goal13,goal16,0,0.10071250517452632
UMIC,goal13,goal16,1,-0.03001187882682462
UMIC,goal13,goal16,2,-0.025202032520834236
UMIC,goal13,goal16,3,-0.003269041107323791
UMIC,goal13,goal16,4,-0.0013481877771094296
UMIC,goal13,goal16,5,-7.301349945635091e-05
UMIC,goal13,goal16,6,-5.9188506687681846e-05
UMIC,goal13,goal16,7,-3.770277319972073e-06
UMIC,goal13,goal16,8,7.901691718692936e-07
UMIC,goal13,goal16,9,-1.1702874394885905e-06
UMIC,goal13,goal16,10,3.6680776266771546e-07
UMIC,goal16,goal16,0,1.0318323527520148
UMIC,goal16,goal16,1,0.10634880502742756
UMIC,goal16,goal16,2,0.014607803340173359
UMIC,goal16,goal16,3,0.010829488516827381
UMIC,goal16,goal16,4,-0.0022066794780819334
UMIC,goal16,goal16,5,0.0013727436900343726
UMIC,goal16,goal16,6,-0.00011834101228248307
UMIC,goal16,goal16,7,2.0404849361336458e-05
UMIC,goal16,goal16,8,2.0231764355570946e-05
UMIC,goal16,goal16,9,-9.839243438188424e-06
UMIC,goal16,goal16,10,3.572677689123552e-06
